case,sequence,transactionCount,proofBytes,wrapperBytes,wireBytes,goodputBytes,acceptedUniqueTransactions,repeatedAcceptances,rejectionReason,proveWallMs,verifyWallMs,encodeWallMs,transferWallMs,admissionWallMs,proveCpuMs,verifyCpuMs,networkCpuMs,latencyMs,proofVerified
"sphincs1","1","0","264624","0","0","0","0","0","","118.9717","10.8347","0","0","0","806.0279999999998","24.88500000000022","0","129.8064","False"
"sphincs1","2","0","265912","0","0","0","0","0","","128.8243","10.3695","0","0","0","824.9899999999998","24.35799999999972","0","139.19379999999998","False"
"sphincs1","3","0","265368","0","0","0","0","0","","126.8212","10.4551","0","0","0","848.1859999999997","24.784999999999854","0","137.2763","False"
"sphincs4","1","0","276448","0","0","0","0","0","","288.817","10.5143","0","0","0","2274.55","23.09400000000096","0","299.3313","False"
"sphincs4","2","0","277056","0","0","0","0","0","","283.4273","11.4467","0","0","0","2269.7949999999983","26.032999999999447","0","294.874","False"
"sphincs4","3","0","277504","0","0","0","0","0","","278.1177","10.923","0","0","0","2233.3590000000004","23.69800000000032","0","289.0407","False"
"sphincs8","1","0","328296","0","0","0","0","0","","1426.2875","16.438","0","0","0","10662.718","55.18800000000192","0","1442.7255","False"
"sphincs8","2","0","327368","0","0","0","0","0","","1445.12","13.7817","0","0","0","10581.069000000003","53.338000000003376","0","1458.9017","False"
"sphincs8","3","0","328552","0","0","0","0","0","","1609.0422","13.7115","0","0","0","10959.604999999996","55.312000000005355","0","1622.7537","False"
"sphincs16","1","0","296528","0","0","0","0","0","","4062.737","14.952","0","0","0","29017.735","54.495999999999185","0","4077.6890000000003","False"
"sphincs16","2","0","295248","0","0","0","0","0","","3815.2423","15.515","0","0","0","28538.43699999999","54.79899999999907","0","3830.7572999999998","False"
"sphincs16","3","0","296144","0","0","0","0","0","","3923.641","15.0143","0","0","0","28707.174","55.029000000009546","0","3938.6553","False"
"stark1","1","0","292572","0","0","0","0","0","","6.135","5.621","0","0","0","12.88200000001234","11.815999999991618","0","11.756","False"
"stark1","2","0","291340","0","0","0","0","0","","7.734","5.7389","0","0","0","17.027000000001863","11.628999999986263","0","13.4729","False"
"stark1","3","0","291372","0","0","0","0","0","","5.9007","8.2204","0","0","0","11.422999999980675","16.229999999981374","0","14.121099999999998","False"
"block-sphincs64","1","0","300464","0","0","0","0","0","","18391.7447","15.2974","0","0","0","136392.00300000003","54.8859999999986","0","18407.0421","False"
"block-sphincs64","2","0","301936","0","0","0","0","0","","18534.8144","17.9292","0","0","0","136951.67899999995","56.429000000003725","0","18552.743599999998","False"
"block-sphincs64","3","0","303248","0","0","0","0","0","","18841.7881","17.3251","0","0","0","138329.46000000008","64.39400000008754","0","18859.1132","False"
"block-sphincs128","1","0","312144","0","0","0","0","0","","37795.3015","14.568","0","0","0","280965.3879999999","54.14500000001863","0","37809.8695","False"
"block-sphincs128","2","0","311888","0","0","0","0","0","","37621.2923","14.7739","0","0","0","280610.05200000014","54.05099999997765","0","37636.0662","False"
"block-sphincs128","3","0","313456","0","0","0","0","0","","37906.1167","19.9726","0","0","0","281123.8030000001","70.64999999990687","0","37926.0893","False"
"sphincs1","1","1","264624","265062","244144","284","1","0","","121.0304","13.114899999999999","6.1423","10.583","16.8521","772.5849999999627","27.28400000021793","18.28499999991618","155.9246","False"
"sphincs1","2","1","265912","266350","246896","284","1","0","","118.3562","9.7513","6.0462","10.0363","11.4558","778.7310000001453","22.596000000135973","16.29700000002049","202.211","False"
"sphincs1","3","1","265368","265806","244832","284","1","0","","117.8538","12.157600000000002","6.0338","9.6475","14.2174","803.3710000000428","25.212000000057742","16.44399999990128","250.1585","False"
"sphincs1","4","1","264760","265198","244256","284","1","0","","126.9678","11.422200000000004","5.9193","18.322","13.9774","832.6429999999236","35.768999999854714","35.55099999997765","315.5129","False"
"sphincs1","5","1","265528","265966","244960","284","1","0","","123.9806","11.471000000000004","5.7694","9.6554","12.9305","957.1419999999925","23.402000000001863","30.503000000026077","368.0539","False"
"sphincs1","6","1","266392","266830","244560","284","1","0","","130.5031","14.548199999999994","6.4512","6.6762","16.8527","855.8179999999702","40.12400000006892","25.222999999998137","428.8103","False"
"sphincs1","7","1","266144","266582","244112","284","1","0","","125.6247","12.635099999999994","2.1391","2.7502","14.1789","809.8700000001118","28.356999999843538","5.118000000016764","373.7182","False"
"sphincs1","8","1","265200","265638","243312","284","1","0","","133.1114","11.2406","2.2643","2.7249","12.681","842.1820000000298","24.783000000054017","7.08600000012666","424.7097","False"
"sphincs1","9","1","266576","267014","244624","284","1","0","","130.6243","13.181399999999996","2.1284","2.7085","14.5857","853.9310000000987","33.57899999991059","6.023999999975786","374.9901","False"
"sphincs1","10","1","265312","265750","243136","284","1","0","","126.8286","12.267299999999992","2.0462","2.7299","13.6692","828.4920000000857","26.081000000005588","9.906999999890104","420.4652","False"
"sphincs1","11","1","267096","267534","246672","284","1","0","","123.0043","10.46090000000001","3.9685","2.8079","12.6658","838.0439999999944","27.78499999991618","11.147000000113621","363.1235","False"
"sphincs1","12","1","265488","265926","244992","284","1","0","","113.9486","11.297699999999992","2.0674","6.8054","12.5948","776.097000000067","25.1679999998305","12.431999999796972","398.7391","False"
"sphincs1","13","1","264224","264662","242224","284","1","0","","124.0908","11.141899999999993","2.1125","2.5544","12.4107","815.1110000000335","27.554999999934807","7.185000000055879","340.0875","False"
"sphincs1","14","1","265712","266150","243696","284","1","0","","117.7132","11.231500000000011","2.2066","2.6715","12.5936","807.1280000000261","26.263999999966472","8.932000000029802","375.5016","False"
"sphincs1","15","1","266288","266726","245600","284","1","0","","119.7257","11.631699999999995","2.0396","2.5723","12.9977","794.5169999999925","27.179999999934807","4.914000000106171","413.0042","False"
"sphincs1","16","1","264664","265102","245728","284","1","0","","119.4775","11.55279999999999","2.0085","2.6124","12.8865","791.4309999998659","25.108999999938533","7.45699999993667","350.1645","False"
"sphincs1","17","1","264360","264798","242448","284","1","0","","118.5645","9.778899999999993","1.999","2.5273","11.013","786.7060000000056","21.885000000009313","4.8109999999869615","384.4387","False"
"sphincs1","18","1","264592","265030","246912","284","1","0","","124.751","11.522699999999986","2.0089","2.7074","12.9173","813.6550000000279","24.143000000156462","5.097000000067055","327.0355","False"
"sphincs1","19","1","266136","266574","245712","284","1","0","","123.4092","10.426199999999994","2.0188","2.5791","11.7492","825.8259999998845","33.692000000039116","9.466999999945983","367.0397","False"
"sphincs1","20","1","265752","266190","245360","284","1","0","","127.3432","12.838999999999999","2.121","2.615","14.1849","853.9909999999218","26.347999999998137","5.0559999998658895","413.503","False"
"sphincs1","21","1","266360","266798","247504","284","1","0","","121.7232","10.13239999999999","2.0613","2.6129","11.3614","794.5429999998305","22.177999999839813","4.849999999860302","351.4338","False"
"sphincs1","22","1","263392","263830","242512","284","1","0","","116.3181","11.553000000000026","1.9133","12.9273","12.8179","806.0720000001602","25.58199999993667","15.195000000065193","395.6032","False"
"sphincs1","1","1","264624","265062","244144","284","1","0","","119.4053","10.319499999999998","2.0122","2.4957","11.6182","780.4399999999441","34.636000000173226","8.773000000044703","135.7113","False"
"sphincs1","2","1","265912","266350","246896","284","1","0","","132.5957","10.312100000000001","1.9639","2.5982","11.546","968.4129999999423","32.96100000012666","9.324999999953434","264.5741","False"
"sphincs1","3","1","265368","265806","244832","284","1","0","","122.7645","11.439500000000002","2.0181","2.5905","12.8357","936.6729999999516","24.381000000052154","4.778999999864027","384.9446","False"
"sphincs1","4","1","264760","265198","244256","284","1","0","","123.2715","10.371299999999998","2.0326","2.4256","11.6802","818.8430000001099","23.11700000008568","4.628999999957159","424.4975","False"
"sphincs1","5","1","265528","265966","244960","284","1","0","","122.2677","11.237399999999994","2.0411","2.5366","12.501","817.346000000136","23.795000000158325","4.9850000001024455","404.0015","False"
"sphincs1","6","1","266392","266830","244560","284","1","0","","122.6331","10.278300000000002","1.9923","2.442","11.4492","804.5579999999609","22.712000000057742","5.59900000016205","402.6583","False"
"sphincs1","7","1","266144","266582","244112","284","1","0","","119.5269","10.956900000000005","2.054","2.5124","12.2152","793.8179999999702","23.097999999998137","6.222999999998137","399.1148","False"
"sphincs1","8","1","265200","265638","243312","284","1","0","","126.4001","11.230199999999996","2.0268","2.4642","12.418","852.5009999999311","24.414999999804422","5.244999999878928","402.5746","False"
"sphincs1","9","1","266576","267014","244624","284","1","0","","126.573","12.4769","1.9876","2.677","13.7907","831.3159999998752","26.165999999968335","5.077000000048429","407.7491","False"
"sphincs1","10","1","265312","265750","243136","284","1","0","","119.8653","13.433099999999996","1.9561","2.5527","14.7141","773.1610000000801","39.95600000000559","5.141999999992549","426.9782","False"
"sphincs1","11","1","267096","267534","246672","284","1","0","","123.2082","11.266100000000009","2.0167","2.5225","12.4857","951.065000000177","36.82000000006519","9.01300000003539","407.4093","False"
"sphincs1","12","1","265488","265926","244992","284","1","0","","131.7457","11.206799999999987","2.0115","2.4764","12.4666","844.3789999999572","24.06499999994412","5.17699999990873","416.2793","False"
"sphincs1","13","1","264224","264662","242224","284","1","0","","125.0165","12.0368","1.9319","2.5498","13.271","830.3170000000391","24.51799999992363","4.6859999999869615","419.1932","False"
"sphincs1","14","1","265712","266150","243696","284","1","0","","128.3958","11.802600000000012","1.932","4.3525","12.9998","838.5059999998193","24.32399999978952","6.480999999912456","427.019","False"
"sphincs1","15","1","266288","266726","245600","284","1","0","","127.5305","13.112899999999996","1.9243","3.1068","14.3309","843.5200000000186","27.49500000011176","5.2589999998454005","434.051","False"
"sphincs1","16","1","264664","265102","245728","284","1","0","","136.5364","11.621499999999997","2.033","5.0474","12.839","836.8320000001695","23.631999999983236","7.631999999983236","450.6514","False"
"sphincs1","17","1","264360","264798","242448","284","1","0","","130.5387","12.266099999999994","1.9439","2.4738","13.5935","811.3689999999478","26.621999999973923","4.825999999884516","439.3519","False"
"sphincs1","18","1","264592","265030","246912","284","1","0","","119.7447","10.221699999999998","2.032","2.3868","11.4007","781.8959999999497","23.29699999978766","4.742000000085682","435.0499","False"
"sphincs1","19","1","266136","266574","245712","284","1","0","","116.405","10.056900000000013","2.038","2.5182","11.2042","792.7369999999646","22.56099999998696","4.976000000024214","407.365","False"
"sphincs1","20","1","265752","266190","245360","284","1","0","","131.4901","9.725300000000004","2.029","2.5041","10.8891","838.4189999999944","22.69799999985844","4.858000000007451","414.4031","False"
"sphincs1","21","1","266360","266798","247504","284","1","0","","120.6406","9.4161","2.0654","2.4864","10.6125","798.9779999998864","21.231999999843538","4.785000000149012","410.3302","False"
"sphincs1","22","1","263392","263830","242512","284","1","0","","122.4937","9.877599999999973","1.9424","2.4287","11.0292","829.2939999999944","22.14600000018254","4.496999999973923","408.349","False"
"sphincs1","23","1","263896","264334","243312","284","1","0","","123.6596","10.549399999999991","1.9737","2.462","11.7705","795.9650000000838","22.429999999934807","4.625","408.3585","False"
"sphincs1","1","1","264624","265062","244144","284","1","0","","116.5766","9.792500000000002","1.9802","2.5032","11.0095","756.4739999999292","22.097000000067055","4.625","132.2324","False"
"sphincs1","2","1","265912","266350","246896","284","1","0","","136.0388","10.9515","1.9922","2.5392","12.133","961.1009999997914","34.83999999985099","7.164000000106171","275.0688","False"
"sphincs1","3","1","265368","265806","244832","284","1","0","","138.1543","12.551199999999998","2.177","2.6512","13.776","970.722000000067","40.95600000000559","8.5820000001695","421.9562","False"
"sphincs1","4","1","264760","265198","244256","284","1","0","","158.8459","13.337400000000002","2.084","2.7042","14.5808","1080.0780000002123","43.148999999975786","9.697000000160187","480.3016","False"
"sphincs1","5","1","265528","265966","244960","284","1","0","","136.4531","11.899699999999996","1.9671","2.464","13.2001","879.3809999998193","24.950999999884516","5.415000000037253","484.5211","False"
"sphincs1","6","1","266392","266830","244560","284","1","0","","131.2165","10.384500000000003","2.0812","2.6711","11.6136","846.1389999999665","23.233999999938533","5.009000000078231","472.2365","False"
"sphincs1","7","1","266144","266582","244112","284","1","0","","133.4755","12.067999999999998","1.9849","2.4713","13.2946","854.5779999999795","26.614000000059605","5.03000000002794","453.5941","False"
"sphincs1","8","1","265200","265638","243312","284","1","0","","144.2471","12.176000000000002","1.9545","2.4823","13.482","887.8740000000689","26.135000000009313","4.780999999959022","455.9101","False"
"sphincs1","9","1","266576","267014","244624","284","1","0","","199.5299","12.405100000000004","1.9521","10.0509","13.5896","972.247999999905","25.097999999998137","12.829999999841675","531.166","False"
"sphincs1","10","1","265312","265750","243136","284","1","0","","123.1987","11.9302","1.912","2.4037","13.0975","792.7509999999311","25.002000000094995","4.540999999968335","521.8919","False"
"sphincs1","11","1","267096","267534","246672","284","1","0","","125.6298","11.597699999999989","2.0215","2.4427","12.7959","822.931999999797","24.549000000115484","5.936999999918044","504.9132","False"
"sphincs1","12","1","265488","265926","244992","284","1","0","","124.0853","11.223700000000008","1.9602","2.4892","12.4545","785.8400000000838","23.188999999780208","4.804000000003725","416.0243","False"
"sphincs1","13","1","264224","264662","242224","284","1","0","","120.946","11.189099999999996","1.9366","2.4822","12.3957","818.556999999797","23.393000000156462","4.689999999944121","413.9025","False"
"sphincs1","14","1","265712","266150","243696","284","1","0","","119.1157","10.396999999999991","1.999","2.4748","11.6222","803.3779999997932","23.36199999996461","4.862999999895692","409.2433","False"
"sphincs1","15","1","266288","266726","245600","284","1","0","","121.4254","10.300000000000011","1.9806","2.5067","11.4844","799.2290000000503","22.55699999979697","5.278999999864027","406.7676","False"
"sphincs1","16","1","264664","265102","245728","284","1","0","","121.4655","11.738100000000003","2.0408","2.5616","13.034","791.8329999998678","36.00399999995716","4.9880000001285225","406.0228","False"
"sphincs1","17","1","264360","264798","242448","284","1","0","","117.797","10.649599999999992","1.9126","2.374","11.8509","793.1340000000782","37.11199999996461","9.51699999999255","410.0877","False"
"sphincs1","18","1","264592","265030","246912","284","1","0","","135.3415","11.85730000000001","1.9112","2.447","12.9874","997.1369999998715","26.510999999940395","8.881000000052154","422.8929","False"
"sphincs1","19","1","266136","266574","245712","284","1","0","","127.9257","10.573800000000006","1.9685","2.3771","11.6733","819.5910000000149","23.260000000009313","4.712999999988824","426.9756","False"
"sphincs1","20","1","265752","266190","245360","284","1","0","","126.9742","11.157999999999987","1.9216","2.643","12.3257","898.3430000001099","34.25399999995716","9.902000000001863","440.95","False"
"sphincs1","21","1","266360","266798","247504","284","1","0","","132.721","12.1618","1.9532","2.4424","13.3135","984.027999999933","39.12599999993108","9.035999999847263","431.5014","False"
"sphincs1","22","1","263392","263830","242512","284","1","0","","135.1218","11.179200000000009","2.116","2.4336","12.2946","886.0189999998547","23.148999999975786","5.092000000178814","443.5885","False"
"sphincs4","1","4","276448","278036","268384","1136","4","0","","299.638","12.3375","2.2293","2.789","13.7252","2306.8539999998175","24.313000000081956","5.233000000007451","318.581","False"
"sphincs4","2","4","277056","278644","269168","1136","4","0","","294.3113","12.828400000000002","2.1642","2.6686","133.4677","2273.648999999976","27.561999999918044","5.0200000000186265","434.0535","False"
"sphincs4","3","4","277504","279092","270064","1136","4","0","","295.2345","11.889499999999998","2.1303","2.5822","13.1511","2298.155999999959","24.02599999983795","4.895999999949709","347.3148","False"
"sphincs4","4","4","277024","278612","268880","1136","4","0","","294.2505","11.456299999999999","2.0826","2.5859","12.6848","2249.8980000000447","24.88299999991432","4.932000000029802","313.4953","False"
"sphincs4","5","4","278560","280148","272224","1136","4","0","","311.7806","10.482799999999997","2.1793","2.7147","11.7967","2268.966000000015","22.494999999878928","5.039000000106171","330.9855","False"
"sphincs4","6","4","277568","279156","271440","1136","4","0","","295.625","12.967799999999997","2.2066","2.5176","14.2943","2272.4590000000317","26.087999999988824","4.9769999999552965","316.7102","False"
"sphincs4","7","4","278624","280212","270816","1136","4","0","","302.7084","11.8677","2.1956","2.6454","13.2077","2319.465000000084","24.462999999988824","5.059999999823049","323.2978","False"
"sphincs4","8","4","277632","279220","269776","1136","4","0","","313.4059","10.889399999999995","2.1795","2.6204","12.2003","2398.0830000001006","23.020000000018626","4.9799999999813735","332.1951","False"
"sphincs4","1","4","276448","278036","268384","1136","4","0","","300.5707","13.933","2.1173","2.6279","15.1767","2350.789000000106","26.079000000143424","4.925999999977648","320.6662","False"
"sphincs4","2","4","277056","278644","269168","1136","4","0","","309.825","10.626800000000003","2.1305","2.6289","11.8822","2331.7379999998957","23.29799999995157","4.867999999783933","567.307","False"
"sphincs4","3","4","277504","279092","270064","1136","4","0","","292.2911","12.230699999999999","2.1462","2.6601","13.4993","2270.9599999999627","24.52200000011362","5.023999999975786","798.0867","False"
"sphincs4","4","4","277024","278612","268880","1136","4","0","","293.1718","11.646999999999998","2.2709","2.6599","12.8691","2261.4860000000335","26.014999999897555","5.090000000083819","949.2309","False"
"sphincs4","5","4","278560","280148","272224","1136","4","0","","295.8143","12.568000000000005","2.1559","2.6232","13.8027","2296.7600000000093","26.86700000008568","4.963000000221655","863.8125","False"
"sphincs4","6","4","277568","279156","271440","1136","4","0","","292.4268","10.349000000000004","2.2251","8.6755","11.6021","2246.80299999984","22.48699999996461","11.243000000016764","938.9087","False"
"sphincs4","7","4","278624","280212","270816","1136","4","0","","289.7118","10.407499999999999","2.1908","2.9281","11.7196","2272.5190000000875","24.22400000016205","5.275000000139698","925.624","False"
"sphincs4","8","4","277632","279220","269776","1136","4","0","","300.637","9.673199999999994","2.0584","2.535","10.8267","2343.153000000166","21.750999999931082","4.885999999940395","921.8536","False"
"sphincs4","9","4","275936","277524","267904","1136","4","0","","292.0943","11.670699999999997","2.1203","2.5762","12.9536","2268.4259999999776","25.003000000026077","4.912000000011176","911.8014","False"
"sphincs4","10","4","278208","279796","269552","1136","4","0","","295.7397","10.356899999999996","2.1177","2.6105","11.6108","2243.7619999998715","23.5339999999851","4.9359999999869615","904.0299","False"
"sphincs4","11","4","277888","279476","270256","1136","4","0","","328.5888","12.574899999999985","2.1165","2.6292","13.8062","2417.3020000001416","26.844000000040978","4.906999999890104","931.3537","False"
"sphincs4","12","4","277120","278708","270880","1136","4","0","","295.5531","12.258700000000005","2.1941","2.5917","13.5128","2269.883000000147","24.56500000017695","4.946999999927357","925.3669","False"
"sphincs4","1","4","276448","278036","268384","1136","4","0","","316.8047","11.3","2.0942","2.657","12.5401","2366.0049999998882","24.623000000137836","4.964000000152737","334.2773","False"
"sphincs4","2","4","277056","278644","269168","1136","4","0","","297.1154","11.883500000000002","2.1271","2.6683","13.121","2263.0089999998454","24.09900000016205","4.916999999899417","609.4806","False"
"sphincs4","3","4","277504","279092","270064","1136","4","0","","287.3957","12.158000000000001","2.1952","2.6093","13.4476","2248.0759999998845","24.456000000005588","5.002000000094995","875.2863","False"
"sphincs4","4","4","277024","278612","268880","1136","4","0","","291.5334","10.5957","2.0554","2.483","11.8372","2271.032000000123","22.743999999947846","4.7619999998714775","903.3405","False"
"sphincs4","5","4","278560","280148","272224","1136","4","0","","291.865","9.995299999999993","2.774","9.5931","11.2016","2273.7060000000056","22.196999999927357","12.944999999832362","898.9647","False"
"sphincs4","6","4","277568","279156","271440","1136","4","0","","290.5715","11.3857","2.2034","2.6042","12.5879","2251.5740000000224","24.024000000208616","4.951999999815598","927.0858","False"
"sphincs4","7","4","278624","280212","270816","1136","4","0","","289.5817","12.109300000000005","2.1938","2.612","13.3386","2276.5840000000317","25.523999999975786","5.971000000135973","915.0015","False"
"sphincs4","8","4","277632","279220","269776","1136","4","0","","304.4132","11.5047","2.1003","2.5823","12.7826","2332.496000000043","23.81899999990128","4.875","917.0369","False"
"sphincs4","9","4","275936","277524","267904","1136","4","0","","289.6485","10.202799999999996","2.1082","2.5152","11.4157","2247.488999999827","23.30600000009872","4.7969999997876585","902.8657","False"
"sphincs4","10","4","278208","279796","269552","1136","4","0","","291.4964","11.776899999999998","2.1241","2.6148","12.991","2268.908999999985","23.779000000096858","4.9910000001545995","932.2383","False"
"sphincs4","11","4","277888","279476","270256","1136","4","0","","297.9754","12.76400000000001","2.2972","2.7541","13.9711","2330.5109999999404","25.856000000145286","5.175000000046566","929.396","False"
"sphincs4","12","4","277120","278708","270880","1136","4","0","","296.0638","12.362500000000011","5.5248","2.5983","13.596","2230.7299999999814","24.929000000003725","7.162999999942258","927.5664","False"
"sphincs8","1","8","328296","331416","320544","2272","8","0","","1450.7763","13.456500000000002","2.5497","3.0936","15.0532","10573.128000000026","51.98300000000745","5.934999999823049","1471.7426","False"
"sphincs8","2","8","327368","330488","320000","2272","8","0","","1406.8226","14.1665","2.5772","3.0678","15.7569","10563.648000000045","53.78900000010617","5.824999999953434","2100.2421","False"
"sphincs8","3","8","328552","331672","320976","2272","8","0","","1406.7373","14.405699999999996","2.5916","3.136","16.0015","10579.037999999942","56.60000000009313","5.925000000046566","2728.9742","False"
"sphincs8","4","8","327720","330840","320272","2272","8","0","","1542.5198","13.296900000000008","2.5239","3.1178","14.8816","11040.137000000104","51.84400000004098","5.817999999970198","3496.9595","False"
"sphincs8","1","8","328296","331416","320544","2272","8","0","","1479.9173","14.333","2.6099","3.0922","15.8764","10726.27600000007","53.324999999953434","5.871999999973923","1501.817","False"
"sphincs8","2","8","327368","330488","320000","2272","8","0","","1429.9366","13.5899","2.5235","3.183","15.1766","10623.561999999918","52.48300000000745","5.874000000068918","2792.8878","False"
"sphincs8","3","8","328552","331672","320976","2272","8","0","","1445.4282","15.613700000000001","2.5402","3.1175","17.1732","10631.881999999983","55.38099999981932","5.885999999940395","4101.4026","False"
"sphincs8","4","8","327720","330840","320272","2272","8","0","","1421.5217","15.166799999999995","2.5522","3.0877","16.7149","10682.30700000003","54.55900000035763","5.876999999862164","4265.5255","False"
"sphincs8","1","8","328296","331416","320544","2272","8","0","","1402.8343","14.7385","2.5053","2.9721","16.2998","10580.5419999999","53.66800000006333","5.700999999884516","1424.855","False"
"sphincs8","2","8","327368","330488","320000","2272","8","0","","1407.7386","14.3949","2.5655","3.104","16.0134","10586.49300000025","53.33499999996275","5.8549999999813735","2774.5896","False"
"sphincs8","3","8","328552","331672","320976","2272","8","0","","1404.8432","15.153399999999998","2.5686","3.1269","16.788","10547.922999999952","55.75399999972433","5.885999999940395","4122.189","False"
"sphincs8","4","8","327720","330840","320272","2272","8","0","","1379.2345","15.294200000000004","2.5546","3.0941","16.8704","10631.42100000009","53.23600000003353","5.922999999951571","4244.1867","False"
"sphincs8","5","8","327368","330488","319664","2272","8","0","","1391.6134","14.746300000000005","2.5306","3.1217","16.2362","10608.507000000216","55.018999999854714","5.862999999895692","4217.9708","False"
"sphincs16","1","16","296528","302712","293488","4544","16","0","","3985.029","14.527200000000002","2.3439","2.9264","16.2545","29113.908999999985","51.627000000327826","5.5039999997243285","4007.0188","False"
"sphincs16","2","16","295248","301432","292432","4544","16","0","","3958.7342","14.3311","2.3683","2.8788","16.1215","29062.39900000021","53.56100000021979","5.565999999642372","6387.5712","False"
"sphincs16","1","16","296528","302712","293488","4544","16","0","","3947.8075","16.1482","2.3473","2.7267","17.8414","28944.472999999765","57.385999999940395","5.263999999966472","3971.146","False"
"sphincs16","2","16","295248","301432","292432","4544","16","0","","3899.2171","12.917300000000001","2.2707","2.8879","14.6597","28809.35300000012","52.312999999616295","5.362999999895692","7570.6074","False"
"sphincs16","3","16","296144","302328","293312","4544","16","0","","3848.8772","14.428800000000003","2.2212","2.7092","16.1412","28580.878999999724","53.032999999821186","5.11200000019744","11120.961","False"
"sphincs16","1","16","296528","302712","293488","4544","16","0","","3849.9963","14.848700000000001","2.3232","2.9499","16.6685","28746.362000000197","53.756000000052154","6.419000000227243","3872.3677","False"
"sphincs16","2","16","295248","301432","292432","4544","16","0","","3830.0094","14.505600000000001","2.2782","8.3626","16.2978","28675.34200000018","54.09300000034273","10.88799999980256","7569.7685","False"
"sphincs16","3","16","296144","302328","293312","4544","16","0","","3814.0255","15.841000000000001","2.3338","2.8843","17.7315","28515.839000000153","62.12800000002608","5.416999999899417","11247.1793","False"
"stark1","1","1","292572","293010","158608","284","1","0","","5.5185","5.721500000000001","1.2963","1.6963","6.8665","10.759000000078231","14.05599999986589","3.1759999999776483","15.4682","False"
"stark1","2","1","291340","291778","157040","284","1","0","","8.8058","8.3001","1.8022","2.203","9.7749","20.377000000327826","16.696999999694526","4.152999999932945","23.7888","False"
"stark1","3","1","291372","291810","156928","284","1","0","","8.072","7.343700000000002","1.4845","1.8445","8.6392","27.436000000219792","24.804000000003725","7.91399999987334","21.2972","False"
"stark1","4","1","290220","290658","154768","284","1","0","","9.3117","9.835999999999999","1.6414","2.0658","11.3939","21.933000000193715","21.251000000163913","3.9490000000223517","25.8119","False"
"stark1","5","1","289372","289810","156128","284","1","0","","9.9708","8.351199999999999","1.656","2.0633","9.8225","18.07299999985844","23.378000000026077","3.8240000000223517","24.9835","False"
"stark1","6","1","291468","291906","157584","284","1","0","","7.2925","9.249000000000002","1.8124","2.8707","10.9451","14.15500000026077","19.673000000417233","4.908999999985099","24.4102","False"
"stark1","7","1","291068","291506","157008","284","1","0","","7.2231","10.753299999999996","1.3905","2.9398","12.7835","15.52600000007078","20.4660000000149","4.532000000122935","25.9512","False"
"stark1","8","1","292380","292818","157888","284","1","0","","12.7259","8.713399999999993","2.5062","3.0655","10.4985","22.095999999903142","15.861000000033528","5.936999999918044","30.5307","False"
"stark1","9","1","291308","291746","157376","284","1","0","","11.36","8.284499999999994","2.6763","2.9406","9.8097","20.381000000052154","15.168999999761581","5.825999999884516","28.2134","False"
"stark1","10","1","290572","291010","156256","284","1","0","","10.3697","9.663399999999996","2.5392","2.8077","11.4555","18.037000000011176","19.274000000208616","5.662000000011176","28.6564","False"
"stark1","11","1","290252","290690","156032","284","1","0","","11.8887","9.496300000000005","2.3676","2.6732","11.3336","24.79399999976158","22.75099999969825","5.25","29.9408","False"
"stark1","12","1","291556","291994","157136","284","1","0","","12.1578","9.668000000000006","2.5657","2.8349","11.3957","23.967999999877065","25.825999999884516","5.7239999999292195","30.7955","False"
"stark1","13","1","290580","291018","156496","284","1","0","","8.5848","8.127899999999997","2.5015","2.6739","9.8772","15.945000000298023","15.381000000052154","5.3980000000447035","25.7868","False"
"stark1","14","1","290940","291378","156768","284","1","0","","8.1012","7.620699999999999","1.5927","1.9767","9.0194","16.649999999906868","15.796000000089407","3.7440000004135072","21.8167","False"
"stark1","15","1","291900","292338","157904","284","1","0","","10.9529","8.47699999999999","2.9311","2.464","9.8975","20.967999999877065","24.287999999709427","5.638999999966472","27.6016","False"
"stark1","16","1","290748","291186","156544","284","1","0","","7.7236","5.921699999999987","2.526","3.3087","7.1979","16.924999999813735","12.183000000193715","6.094000000040978","22.4049","False"
"stark1","17","1","291740","292178","157488","284","1","0","","18.2285","9.347000000000008","2.6547","3.0798","11.3107","30.311999999918044","17.882000000216067","5.964000000152737","37.0083","False"
"stark1","18","1","291772","292210","157568","284","1","0","","11.2265","8.545999999999992","2.3088","2.6692","10.359","20.58999999985099","16.157000000122935","5.192000000271946","28.3589","False"
"stark1","19","1","291164","291602","156960","284","1","0","","11.6527","9.899499999999989","2.4415","2.7329","11.693","21.02199999988079","25.152999999932945","5.324000000022352","30.4277","False"
"stark1","20","1","291324","291762","157168","284","1","0","","11.2491","7.998199999999997","1.3868","1.73","9.406","22.63400000007823","17.53499999968335","3.2700000000186265","24.4621","False"
"stark1","21","1","290956","291394","156624","284","1","0","","12.2818","10.04480000000001","2.2106","2.7173","11.8022","22.311999999918044","23.9660000000149","5.157000000122935","31.1761","False"
"stark1","22","1","292572","293010","157200","284","1","0","","7.328","7.798000000000002","1.3057","1.7267","15.086","15.45299999974668","16.997999999672174","3.219000000040978","27.6586","False"
"stark1","23","1","291004","291442","156464","284","1","0","","7.8755","7.228800000000007","1.3602","1.7648","8.4602","19.938000000081956","19.483999999705702","3.3029999998398125","19.792","False"
"stark1","24","1","291788","292226","157712","284","1","0","","7.5976","7.738499999999988","1.3252","1.65","8.8975","18.561000000219792","18.791000000201166","3.1409999998286366","19.8566","False"
"stark1","25","1","289956","290394","155632","284","1","0","","7.6917","7.334699999999998","1.3075","1.6277","8.5412","22.186999999918044","20.72399999992922","3.1170000000856817","20.6107","False"
"stark1","26","1","292588","293026","157520","284","1","0","","6.8146","6.312000000000012","1.326","1.6961","7.5024","15.708000000100583","16.878000000026077","3.3270000000484288","18.8575","False"
"stark1","27","1","291612","292050","157536","284","1","0","","12.2009","6.5214","1.2842","1.6332","7.6747","26.203999999910593","19.24200000008568","3.1080000000074506","24.2752","False"
"stark1","28","1","289604","290042","155744","284","1","0","","18.914","9.88900000000001","2.4958","3.0585","11.827","35.510999999940395","21.304000000003725","5.88799999980256","37.7642","False"
"stark1","29","1","292060","292498","157712","284","1","0","","13.8542","9.240700000000004","2.3112","2.7596","11.0024","22.79399999976158","18.468000000342727","5.232000000309199","31.9236","False"
"stark1","30","1","292460","292898","158176","284","1","0","","10.9733","12.720199999999977","2.3817","2.58","14.3766","23.705000000074506","22.239000000059605","5.186000000219792","32.37","False"
"stark1","1","1","292572","293010","158608","284","1","0","","6.4075","5.533099999999999","1.2793","1.6259","6.6277","21.84899999992922","17.592000000178814","5.950999999884516","16.0209","False"
"stark1","2","1","291340","291778","157040","284","1","0","","6.078","6.020800000000001","1.2711","1.57","7.144","20.509999999776483","18.162000000011176","5.724999999627471","17.1718","False"
"stark1","3","1","291372","291810","156928","284","1","0","","5.7943","6.607800000000001","1.319","1.5627","7.755","19.546000000089407","20.024000000208616","5.899999999906868","17.5487","False"
"stark1","4","1","290220","290658","154768","284","1","0","","6.2776","6.417100000000001","1.3003","1.5354","7.5378","21.194999999832362","19.030999999959022","5.789000000339001","17.8062","False"
"stark1","5","1","289372","289810","156128","284","1","0","","8.1098","5.711199999999998","1.2601","1.5467","6.8136","27.88399999961257","17.304000000003725","5.484000000171363","18.9347","False"
"stark1","6","1","291468","291906","157584","284","1","0","","6.4222","7.376800000000003","1.3213","1.5915","8.5594","23.541000000201166","22.615000000223517","5.419999999925494","19.151","False"
"stark1","7","1","291068","291506","157008","284","1","0","","7.809","6.741599999999998","3.7642","1.5805","7.8853","25.342000000178814","22.222000000067055","7.399999999906868","22.8475","False"
"stark1","8","1","292380","292818","157888","284","1","0","","5.9171","6.726599999999998","1.3153","1.619","7.8855","22.06900000013411","22.773000000044703","6.387000000104308","19.6523","False"
"stark1","9","1","291308","291746","157376","284","1","0","","7.0806","6.299100000000003","1.296","1.6035","7.5494","24.73700000019744","19.773000000044703","5.9480000003241","17.8864","False"
"stark1","10","1","290572","291010","156256","284","1","0","","6.7043","5.762199999999993","1.2603","1.7924","6.8525","12.768999999854714","12.541000000201166","3.219000000040978","17.976","False"
"stark1","11","1","290252","290690","156032","284","1","0","","5.5842","6.7941","1.2537","1.5723","7.9017","12.580000000074506","14.375","3.0049999998882413","17.6912","False"
"stark1","12","1","291556","291994","157136","284","1","0","","5.9667","5.677099999999996","1.2296","1.5765","6.8042","12.29300000006333","11.183999999891967","2.8969999998807907","17.0176","False"
"stark1","13","1","290580","291018","156496","284","1","0","","5.8909","6.398899999999998","1.2667","1.5331","7.4574","12.595999999903142","13.824000000022352","3.0660000001080334","17.6153","False"
"stark1","14","1","290940","291378","156768","284","1","0","","5.6026","5.555400000000006","1.2762","1.5524","6.6018","12.329999999608845","12.441000000108033","2.912000000011176","16.4964","False"
"stark1","15","1","291900","292338","157904","284","1","0","","5.7734","6.510800000000003","1.3046","1.5369","7.543","11.155999999959022","14.760000000242144","2.983999999705702","17.8266","False"
"stark1","16","1","290748","291186","156544","284","1","0","","5.657","5.789199999999994","1.2311","1.4963","6.8345","12.477999999653548","11.385999999940395","2.860000000335276","16.1641","False"
"stark1","17","1","291740","292178","157488","284","1","0","","6.9851","6.414199999999994","3.9535","1.5572","7.5151","17.17599999997765","17.063000000081956","5.688000000081956","21.9976","False"
"stark1","18","1","291772","292210","157568","284","1","0","","6.4162","6.713399999999993","1.278","1.5428","7.7659","16.565999999642372","17.037000000011176","2.9290000000037253","19.0446","False"
"stark1","19","1","291164","291602","156960","284","1","0","","5.9129","6.297200000000004","1.2744","1.5476","7.3335","13.962000000290573","16.938000000081956","2.9579999996349216","17.368","False"
"stark1","20","1","291324","291762","157168","284","1","0","","6.8194","5.5937000000000126","1.2438","1.5269","6.6098","12.018999999854714","12.89600000018254","2.8429999998770654","17.5382","False"
"stark1","21","1","290956","291394","156624","284","1","0","","5.6198","5.475999999999999","1.2626","1.5983","6.5199","12.140999999828637","10.788000000175089","2.9620000002905726","16.3605","False"
"stark1","22","1","292572","293010","157200","284","1","0","","5.3572","6.264700000000005","1.2214","1.5003","7.2855","11.36600000038743","11.473000000230968","2.8400000003166497","16.7482","False"
"stark1","23","1","291004","291442","156464","284","1","0","","5.2038","5.974400000000003","1.2512","1.5105","7.0301","10.414999999571592","11.683000000193715","2.897000000346452","16.3965","False"
"stark1","24","1","291788","292226","157712","284","1","0","","5.6858","6.008399999999995","1.3398","1.5681","7.0354","11.861999999731779","11.945999999996275","3.0589999998919666","17.3864","False"
"stark1","25","1","289956","290394","155632","284","1","0","","5.5461","7.045500000000004","1.2095","1.4976","8.0929","12.288000000175089","16.16399999987334","2.8340000002644956","18.1244","False"
"stark1","26","1","292588","293026","157520","284","1","0","","5.9936","5.336600000000004","1.2566","1.5314","6.3819","14.399999999906868","10.552000000141561","2.962999999988824","16.9656","False"
"stark1","27","1","291612","292050","157536","284","1","0","","6.0418","5.6170999999999935","1.2794","1.5612","6.6379","12.567999999970198","11.941000000108033","3.0350000001490116","17.3552","False"
"stark1","28","1","289604","290042","155744","284","1","0","","5.8616","7.725699999999989","1.2321","1.5476","8.8135","14.65100000007078","16.703999999910593","2.8700000001117587","19.3122","False"
"stark1","29","1","292060","292498","157712","284","1","0","","6.1575","5.602000000000004","1.2908","1.5531","6.6502","13.393000000156462","10.839999999850988","2.959999999962747","17.6008","False"
"stark1","30","1","292460","292898","158176","284","1","0","","5.5173","6.287700000000001","1.2631","1.5552","7.3372","12.308000000193715","11.88300000037998","2.9399999999441206","17.6395","False"
"stark1","31","1","290604","291042","156240","284","1","0","","5.9891","5.603000000000009","1.222","1.534","6.6545","12.040999999735504","10.941000000108033","2.859999999869615","17.469","False"
"stark1","32","1","290380","290818","156528","284","1","0","","5.2905","5.777299999999997","1.2455","1.5082","6.8404","10.50899999961257","11.140000000130385","2.8720000004395843","15.5671","False"
"stark1","33","1","291500","291938","157184","284","1","0","","5.3357","6.896199999999993","1.29","1.5449","7.9523","10.356000000145286","13.121000000275671","2.9650000003166497","16.847","False"
"stark1","34","1","290860","291298","156528","284","1","0","","6.721","5.280000000000001","1.2745","1.5525","6.3429","14.78899999987334","10.580000000074506","2.953999999910593","16.3841","False"
"stark1","35","1","291420","291858","157264","284","1","0","","5.9988","6.598199999999991","1.2655","1.5435","7.6277","13.675000000279397","14.507999999914318","2.927000000141561","17.971","False"
"stark1","36","1","289580","290018","155744","284","1","0","","6.1014","6.2654","1.235","1.5069","7.3262","13.820999999996275","11.5519999996759","2.860000000335276","17.7329","False"
"stark1","37","1","290700","291138","156384","284","1","0","","6.0332","5.669700000000006","1.2368","1.5205","6.6735","13.422999999951571","11.205999999772757","2.8760000001639128","17.0632","False"
"stark1","38","1","292156","292594","157936","284","1","0","","5.7033","6.833200000000005","1.2582","1.6145","7.9146","11.854999999981374","13.398000000044703","2.9789999998174608","18.1194","False"
"stark1","39","1","291676","292114","157552","284","1","0","","5.8322","5.856200000000001","1.2869","1.5198","6.9231","12.915000000037253","11.009000000078231","2.8919999999925494","17.2091","False"
"stark1","40","1","290892","291330","156320","284","1","0","","5.6408","6.917200000000008","1.2278","1.5217","7.9635","11.972999999765307","15.952000000048429","2.867999999783933","17.5575","False"
"stark1","41","1","292444","292882","158176","284","1","0","","5.8194","6.488000000000028","1.2276","1.5404","7.5216","12.091999999713153","12.003000000026077","2.9339999998919666","17.3397","False"
"stark1","42","1","290524","290962","156992","284","1","0","","6.7731","6.224199999999996","1.2204","1.5281","7.2411","15.277000000234693","14.68599999975413","2.9129999997094274","18.0235","False"
"stark1","43","1","291196","291634","157008","284","1","0","","5.9014","6.284299999999973","1.2442","1.5212","7.3557","12.061999999918044","12.980999999679625","2.8950000000186265","17.3158","False"
"stark1","44","1","291852","292290","157360","284","1","0","","5.6568","5.722199999999987","1.334","1.5848","6.7726","13.261999999638647","11.379999999888241","2.9769999999552965","16.6767","False"
"stark1","45","1","291036","291474","155616","284","1","0","","5.5053","6.6952","1.2146","1.5007","7.729","11.582000000402331","13.908999999985099","2.8549999999813735","17.3055","False"
"stark1","46","1","292284","292722","157792","284","1","0","","5.8042","5.716700000000003","1.2436","1.5954","6.7729","11.956000000238419","10.757999999914318","2.969000000040978","16.8265","False"
"stark1","47","1","291772","292210","157664","284","1","0","","5.5237","5.641799999999989","1.2301","1.5158","6.6923","11.864999999757856","10.902999999932945","2.8960000001825392","16.3849","False"
"stark1","48","1","290924","291362","156304","284","1","0","","5.7724","5.575800000000015","1.2585","1.5615","6.6254","12.885999999940395","12.749000000301749","2.927000000141561","16.674","False"
"stark1","49","1","291884","292322","157344","284","1","0","","5.7628","5.331000000000017","1.2736","1.5696","6.3695","12.143999999854714","10.509000000078231","2.973000000230968","16.2287","False"
"stark1","50","1","291716","292154","156592","284","1","0","","6.1049","7.2771999999999935","1.2551","1.5202","8.3034","14.915000000037253","16.20200000004843","2.893000000156462","18.233","False"
"stark1","51","1","291372","291810","157296","284","1","0","","5.9496","5.7905999999999835","1.2755","1.505","6.8623","13.232000000309199","12.058000000193715","2.86600000038743","16.6674","False"
"stark1","52","1","291140","291578","156816","284","1","0","","5.4736","7.063300000000027","1.2635","1.5094","8.146","12.13300000037998","14.11200000019744","2.915000000037253","17.4975","False"
"stark1","53","1","291964","292402","157744","284","1","0","","7.6169","6.2438000000000216","1.2681","1.5419","8.2002","14.983999999705702","11.865000000223517","2.9189999997615814","19.7655","False"
"stark1","54","1","291020","291458","157152","284","1","0","","5.6151","6.862700000000018","1.2647","1.5422","7.9222","12.504999999888241","12.958999999798834","2.947999999858439","17.5083","False"
"stark1","55","1","289468","289906","155776","284","1","0","","6.2312","6.41070000000002","1.2559","1.4928","7.4188","11.833999999798834","12.294999999925494","2.8950000000186265","17.6017","False"
"stark1","56","1","291516","291954","156864","284","1","0","","5.8002","6.970199999999977","1.2645","1.5573","8.0797","11.325999999884516","16.575000000186265","2.939000000245869","17.9319","False"
"stark1","57","1","290956","291394","156592","284","1","0","","6.211","6.594499999999982","1.2815","1.5785","7.6197","11.54300000006333","14.091999999713153","3.006000000052154","17.2519","False"
"stark1","58","1","293196","293634","158608","284","1","0","","5.5394","6.432700000000011","1.2462","1.6074","7.5151","10.428000000305474","11.455999999772757","2.950999999884516","17.5625","False"
"stark1","59","1","290156","290594","156848","284","1","0","","5.641","5.57650000000001","1.2855","1.5314","6.6171","11.078000000212342","10.700000000186265","2.9459999999962747","16.7469","False"
"stark1","60","1","291524","291962","157472","284","1","0","","5.5674","6.138699999999972","1.2844","1.565","7.1913","12.160000000149012","11.927000000141561","2.9950000001117587","17.2976","False"
"stark1","61","1","292060","292498","157568","284","1","0","","5.9781","5.751700000000028","1.2755","1.5923","6.7971","12.839999999850988","12.273999999742955","3.0159999998286366","17.3572","False"
"stark1","62","1","291644","292082","157328","284","1","0","","6.7535","5.624199999999973","1.2609","1.5378","6.6882","16.0910000000149","12.691999999806285","2.907999999821186","17.9775","False"
"stark1","63","1","291788","292226","157296","284","1","0","","5.8569","6.164300000000026","1.2648","1.5442","7.2628","12.013000000268221","13.162000000011176","2.9369999999180436","17.6902","False"
"stark1","64","1","291580","292018","157424","284","1","0","","5.7137","5.514700000000005","1.3123","1.5422","6.5562","12.158000000286847","11.351999999955297","2.946999999694526","16.9103","False"
"stark1","65","1","290908","291346","155872","284","1","0","","7.658","6.204400000000021","1.27","1.5222","7.2502","14.719000000040978","13.807000000029802","2.9099999996833503","19.5198","False"
"stark1","66","1","291708","292146","157664","284","1","0","","5.4972","7.0464999999999804","1.2416","1.5054","8.0574","11.08199999993667","14.294000000227243","2.921000000089407","18.1427","False"
"stark1","67","1","292012","292450","157520","284","1","0","","6.1087","6.405500000000018","1.2568","1.633","7.4639","13.964999999850988","16.74100000038743","3.0069999997504056","18.8571","False"
"stark1","68","1","291340","291778","156432","284","1","0","","5.8195","7.070100000000025","1.2674","1.5334","8.1301","13.895999999716878","17.587999999988824","2.882000000216067","18.1662","False"
"stark1","69","1","290940","291378","156912","284","1","0","","6.4731","6.437000000000012","1.2728","1.529","7.5155","16.830000000074506","16.963999999687076","3.0279999999329448","18.2447","False"
"stark1","70","1","292012","292450","155824","284","1","0","","5.483","5.452200000000005","1.2362","1.5262","6.4901","10.493999999947846","11.72800000011921","2.8700000001117587","15.9654","False"
"stark1","71","1","292092","292530","157920","284","1","0","","5.6093","6.430600000000027","1.2257","1.5057","7.4379","12.027000000234693","13.48300000000745","2.8700000001117587","17.029","False"
"stark1","72","1","292460","292898","158208","284","1","0","","5.5867","6.39409999999998","1.2282","1.5123","7.4275","10.976000000257045","11.410999999847263","2.8590000001713634","17.0386","False"
"stark1","73","1","292716","293154","158224","284","1","0","","5.4837","5.63900000000001","1.2603","1.5721","6.7237","10.524999999906868","10.742000000085682","2.9140000003390014","16.3418","False"
"stark1","74","1","291660","292098","156304","284","1","0","","6.024","5.4979999999999905","1.3157","1.6073","6.5459","12.117000000085682","11.706000000238419","3.0249999999068677","15.5919","False"
"stark1","75","1","292812","293250","158272","284","1","0","","5.5361","5.9716999999999985","1.2371","1.5347","7.0085","10.688999999780208","12.691000000108033","2.9649999998509884","16.4588","False"
"stark1","76","1","291980","292418","157776","284","1","0","","5.2574","5.487000000000023","1.2866","1.5712","6.5575","10.390000000130385","11.05600000033155","2.9830000000074506","15.8335","False"
"stark1","77","1","293100","293538","158688","284","1","0","","5.3315","5.741300000000024","1.2782","1.5512","6.8295","10.93500000005588","11.232000000309199","2.946999999694526","16.1755","False"
"stark1","78","1","293068","293506","157776","284","1","0","","5.4824","5.8125","1.2454","1.5938","6.8565","10.941000000108033","12.151999999769032","2.9459999999962747","16.4311","False"
"stark1","79","1","291044","291482","156944","284","1","0","","5.503","5.6327","1.2524","1.5501","6.6959","11.47899999981746","10.845999999903142","2.9290000000037253","16.2801","False"
"stark1","80","1","291212","291650","156048","284","1","0","","5.869","7.3238999999999805","1.3023","1.5339","8.3562","13.677000000141561","14.402999999932945","2.9619999998249114","18.3884","False"
"stark1","81","1","292060","292498","158208","284","1","0","","6.5005","6.600999999999999","1.2531","3.4129","7.6625","13.254999999888241","15.216000000014901","5.614000000059605","20.1642","False"
"stark1","82","1","291292","291730","156976","284","1","0","","5.7864","5.754500000000007","1.2561","1.5231","6.7946","11.375","11.85800000000745","2.919999999925494","16.7196","False"
"stark1","83","1","289172","289610","154272","284","1","0","","6.0895","6.176299999999969","1.2407","1.539","7.2502","18.80600000033155","20.46199999982491","5.684000000357628","16.5058","False"
"stark1","84","1","291580","292018","157392","284","1","0","","6.2029","6.4144000000000005","1.2504","1.7709","7.4738","21.419999999925494","19.868000000249594","4.854000000283122","16.9072","False"
"stark1","85","1","290940","291378","156784","284","1","0","","6.083","6.642000000000053","1.2656","1.554","7.6975","15.81499999994412","22.139999999664724","2.95699999993667","17.8315","False"
"stark1","86","1","291396","291834","157120","284","1","0","","6.194","6.890300000000025","1.2603","1.5435","7.928","17.820000000298023","20.977999999653548","6.96100000012666","18.2001","False"
"stark1","87","1","291812","292250","157104","284","1","0","","7.6435","6.8034999999999854","1.2603","1.5696","7.9013","21.29700000025332","18.98699999973178","4.466000000014901","19.2829","False"
"stark1","88","1","291252","291690","157056","284","1","0","","5.5061","7.047400000000039","1.2871","1.5697","9.2941","14.423999999649823","24.434999999590218","7.9440000001341105","19.5986","False"
"stark1","89","1","292044","292482","157824","284","1","0","","5.9287","6.766700000000014","1.5678","1.5367","7.8306","12.52199999988079","13.654999999795109","3.218999999575317","18.8457","False"
"stark1","90","1","292332","292770","158000","284","1","0","","6.2896","6.534099999999967","1.2746","1.5395","8.3176","11.407999999821186","14.651999999769032","2.924000000115484","19.1372","False"
"stark1","91","1","291244","291682","157456","284","1","0","","5.6834","7.225400000000036","1.2685","1.5387","8.2832","11.72899999981746","15.166000000201166","2.938999999780208","18.5191","False"
"stark1","92","1","291908","292346","157328","284","1","0","","6.1616","6.3238999999999805","1.2389","1.5731","7.3811","15.171000000089407","15.89699999988079","5.941000000108033","18.1941","False"
"stark1","93","1","291692","292130","157456","284","1","0","","5.8807","5.708300000000008","1.2425","1.6351","6.7586","12.64699999988079","10.89199999999255","2.950999999884516","17.3793","False"
"stark1","94","1","291244","291682","157568","284","1","0","","6.317","6.170700000000011","1.3007","1.551","7.212","14.9269999996759","15.216000000014901","2.9470000001601875","18.2602","False"
"stark1","95","1","290292","290730","156048","284","1","0","","5.5203","6.741999999999962","1.2382","1.5249","7.7601","11.370000000111759","12.888999999966472","2.882000000216067","17.9432","False"
"stark1","96","1","292268","292706","157984","284","1","0","","5.8959","6.031700000000001","1.2806","1.5377","7.0826","12.541999999899417","12.64699999988079","2.9399999999441206","16.2434","False"
"stark1","97","1","290924","291362","156176","284","1","0","","5.8245","6.190799999999967","1.2172","1.483","7.2297","12.977999999653548","12.964999999850988","2.8179999999701977","17.2191","False"
"stark1","98","1","292364","292802","158224","284","1","0","","6.1293","6.219900000000052","1.2606","1.5489","7.278","13.862999999895692","13.569999999832362","2.9259999999776483","17.7025","False"
"stark1","99","1","290876","291314","156512","284","1","0","","5.7337","5.65930000000003","1.2459","1.4885","6.6748","13.236999999731779","13.129999999888241","2.8460000003688037","16.4496","False"
"stark1","100","1","291436","291874","157344","284","1","0","","5.8381","6.7432999999999765","1.2578","1.5153","7.7662","13.722000000067055","13.628000000026077","2.892999999690801","16.502","False"
"stark1","101","1","291172","291610","156784","284","1","0","","7.523","5.8139999999999645","1.242","1.5369","6.8597","13.65100000007078","11.210999999660999","2.8889999999664724","18.3207","False"
"stark1","102","1","291852","292290","157648","284","1","0","","6.005","6.661299999999983","1.2617","1.5307","7.709","11.192999999970198","13.26699999999255","2.935999999754131","17.699","False"
"stark1","103","1","291196","291634","157216","284","1","0","","6.3192","5.479799999999955","1.2415","1.5215","6.5334","13.700000000186265","11.4480000003241","2.9009999996051192","16.8395","False"
"stark1","104","1","291164","291602","157168","284","1","0","","6.4892","6.011300000000006","1.278","1.5065","7.0599","16.291000000201166","11.941000000108033","3.009000000078231","17.5726","False"
"stark1","105","1","292956","293394","158784","284","1","0","","7.2198","5.974900000000048","1.2565","1.5748","7.0456","12.924999999813735","11.43900000024587","2.96100000012666","18.1468","False"
"stark1","106","1","291948","292386","156768","284","1","0","","6.2346","7.203300000000013","1.2292","1.4923","8.2148","12.153000000398606","15.00899999961257","2.861999999731779","19.2495","False"
"stark1","107","1","293020","293458","158752","284","1","0","","6.5398","6.14409999999998","1.2922","1.5637","7.2436","12.052000000141561","12.686999999918044","3.0099999997764826","17.794","False"
"stark1","108","1","291516","291954","157536","284","1","0","","5.7332","5.522500000000036","1.2266","1.5237","6.5521","10.754999999888241","10.450000000186265","2.8760000001639128","16.1869","False"
"stark1","109","1","291404","291842","157024","284","1","0","","6.4738","5.761600000000044","1.2687","1.5378","6.8199","12.621000000275671","11.312000000383705","2.9520000000484288","17.2721","False"
"stark1","110","1","291324","291762","156208","284","1","0","","6.0797","5.848600000000033","1.2818","1.5292","6.8944","12.380000000353903","12.566000000108033","3.0079999999143183","16.9775","False"
"stark1","111","1","290684","291122","156384","284","1","0","","5.6552","5.401100000000042","1.2828","1.5355","6.4383","11.546000000089407","11.411000000312924","2.8980000000447035","16.1231","False"
"stark1","112","1","291356","291794","157120","284","1","0","","5.7524","6.677099999999996","1.2656","1.5592","7.7191","11.915999999735504","14.817999999970198","2.959999999962747","17.5292","False"
"stark1","113","1","290212","290650","155664","284","1","0","","6.3082","6.4669999999999845","1.2692","1.4977","7.4992","12.136000000406057","13.331000000238419","2.8889999999664724","17.8281","False"
"stark1","114","1","291292","291730","157360","284","1","0","","5.7853","5.897799999999961","1.2488","1.5572","6.9257","12.35300000011921","12.518000000156462","2.934000000357628","16.7983","False"
"stark1","115","1","290588","291026","156640","284","1","0","","6.044","6.018500000000017","1.297","1.5616","7.1044","14.820000000298023","12.222999999765307","3.0110000004060566","17.3131","False"
"stark1","116","1","291980","292418","156800","284","1","0","","5.7887","5.935500000000047","1.2732","1.5163","6.9827","12.79700000025332","12.067999999970198","2.907999999821186","16.4068","False"
"stark1","117","1","292396","292834","156576","284","1","0","","7.8552","5.483899999999949","1.2719","1.5522","6.5118","15.765999999828637","10.44400000013411","2.9490000000223517","19.092","False"
"stark1","118","1","291244","291682","157088","284","1","0","","5.9243","6.2975999999999885","1.2502","1.5371","7.3541","14.006000000052154","16.604999999981374","2.9290000000037253","17.9957","False"
"stark1","119","1","291964","292402","157936","284","1","0","","6.4185","7.062400000000025","1.2675","1.5172","8.0846","16.878000000026077","16.268000000156462","2.958000000100583","19.2377","False"
"stark1","120","1","291756","292194","157440","284","1","0","","6.3273","5.64670000000001","1.2401","1.5712","6.6754","11.839999999850988","12.561999999918044","2.928000000305474","17.5725","False"
"stark1","121","1","290580","291018","156368","284","1","0","","5.6587","6.305500000000052","1.2163","1.4752","7.3238","12.769000000320375","11.261999999638647","2.848000000230968","17.4615","False"
"stark1","122","1","290644","291082","156384","284","1","0","","5.6403","5.782199999999989","1.2187","1.4928","6.7925","10.535000000149012","10.700000000186265","2.8489999999292195","16.9592","False"
"stark1","123","1","290636","291074","156576","284","1","0","","5.6596","5.898900000000026","1.2411","1.5155","6.9608","13.072000000160187","11.106999999843538","2.858999999705702","17.2114","False"
"stark1","124","1","290716","291154","156704","284","1","0","","5.3989","6.814600000000041","1.265","1.6053","7.8469","10.604000000283122","14.117000000085682","3.0109999999403954","17.9779","False"
"stark1","125","1","291980","292418","156096","284","1","0","","5.9012","6.282900000000041","1.2125","1.5125","7.2925","14.118000000249594","12.11699999962002","2.83600000012666","17.6885","False"
"stark1","126","1","291092","291530","156816","284","1","0","","5.6511","5.536399999999958","1.2163","1.5573","6.5653","10.92200000025332","11.024000000208616","2.8980000000447035","16.792","False"
"stark1","127","1","291148","291586","156688","284","1","0","","6.5212","7.224199999999996","1.2354","1.5356","8.2929","13.287000000011176","13.618999999947846","2.924000000115484","19.4059","False"
"stark1","128","1","292268","292706","157968","284","1","0","","5.6257","6.0534999999999854","1.2639","1.5229","8.2828","10.850000000093132","13.408000000286847","2.887000000104308","18.54","False"
"stark1","129","1","291092","291530","156784","284","1","0","","6.199","5.6924999999999955","1.2701","1.4985","6.7367","13.138999999966472","11.013999999966472","2.8759999996982515","17.5704","False"
"stark1","130","1","291244","291682","155984","284","1","0","","5.9224","5.341199999999958","1.2519","1.5302","6.3738","13.160999999847263","10.966999999713153","2.9010000000707805","16.9789","False"
"stark1","131","1","291828","292266","157552","284","1","0","","7.0507","6.413300000000049","1.2473","1.5568","7.4449","14.523000000044703","13.429000000003725","2.8999999999068677","19.229","False"
"stark1","132","1","290428","290866","156368","284","1","0","","6.2084","7.425200000000018","1.2538","1.5164","8.46","12.100999999791384","14.375","3.0009999996982515","19.4693","False"
"stark1","133","1","290180","290618","155296","284","1","0","","5.7117","6.435100000000034","1.2545","1.5109","7.5136","11.910999999847263","13.304000000003725","2.9920000000856817","18.3057","False"
"stark1","134","1","290204","290642","156576","284","1","0","","5.7805","6.698200000000043","1.2625","1.528","7.7227","10.709999999962747","13.373999999836087","2.9110000003129244","17.4416","False"
"stark1","135","1","290932","291370","156768","284","1","0","","6.0728","6.2006999999999834","1.2496","1.4784","7.2526","11.589999999850988","13.079999999608845","2.8479999997653067","17.2852","False"
"stark1","136","1","291004","291442","156016","284","1","0","","6.2772","5.608699999999999","1.2329","1.4891","6.699","14.157000000122935","11.061999999918044","2.844000000040978","16.9437","False"
"stark1","137","1","290268","290706","156048","284","1","0","","5.9745","6.250099999999975","1.2151","1.5109","7.2795","13.39199999999255","14.166999999899417","2.8500000000931323","17.244","False"
"stark1","138","1","289756","290194","155568","284","1","0","","5.5827","5.5919999999999845","1.232","1.5259","6.6462","11.045999999623746","11.682000000029802","2.8699999996460974","16.2776","False"
"stark1","139","1","291076","291514","156784","284","1","0","","6.5462","5.292599999999993","1.2613","1.5125","6.338","15.212999999988824","10.77100000018254","2.979000000283122","16.9726","False"
"stark1","140","1","292716","293154","158480","284","1","0","","6.0165","6.774599999999964","1.285","1.5047","7.8277","13.611000000033528","14.050999999977648","2.9129999997094274","17.7493","False"
"stark1","141","1","290844","291282","156896","284","1","0","","6.0752","6.340100000000007","1.2521","1.5277","7.3847","13.179000000003725","13.157000000122935","2.8640000000596046","17.3791","False"
"stark1","142","1","292716","293154","158016","284","1","0","","5.6511","7.4547000000000025","1.2325","1.5002","8.4678","12.131000000052154","17.498999999836087","2.9290000000037253","18.0305","False"
"stark1","143","1","292420","292858","158016","284","1","0","","6.5303","6.178899999999999","1.2506","1.5473","7.2697","13.422999999951571","13.450999999884516","2.9130000001750886","17.813","False"
"stark1","144","1","292364","292802","158096","284","1","0","","5.8882","5.643000000000029","1.3203","1.5865","6.6872","12.300999999977648","11.970999999903142","3.0159999998286366","16.7076","False"
"stark1","145","1","290796","291234","156912","284","1","0","","7.4021","5.957899999999995","1.2925","1.5714","7.0144","15.501999999862164","12.949000000022352","2.9619999998249114","18.605","False"
"stark1","146","1","289812","290250","155680","284","1","0","","6.3625","5.597099999999955","1.2925","1.5445","6.6545","11.830000000074506","11.405999999959022","2.966000000014901","16.0434","False"
"stark1","147","1","293004","293442","158448","284","1","0","","5.8477","6.879199999999969","1.2372","1.5575","7.9096","11.341000000014901","14.003000000026077","2.9269999996758997","17.8289","False"
"stark1","148","1","291532","291970","156224","284","1","0","","6.1675","7.0639999999999645","1.2752","1.4997","8.1235","13.233999999705702","16.023000000044703","2.9309999998658895","18.3631","False"
"stark1","149","1","292276","292714","157216","284","1","0","","6.8572","7.002299999999991","1.2856","1.5165","8.0171","14.394000000320375","14.908999999985099","2.9740000003948808","18.1307","False"
"stark1","150","1","291364","291802","156720","284","1","0","","6.2654","6.242600000000039","1.2688","1.5166","7.2897","12.216999999713153","13.10800000000745","2.924000000115484","16.8779","False"
"stark1","1","1","292572","293010","158608","284","1","0","","6.0996","5.9007000000000005","1.2417","1.5978","6.9434","14.003000000026077","14.139999999664724","2.9589999997988343","15.946","False"
"stark1","2","1","291340","291778","157040","284","1","0","","5.7145","6.3580000000000005","1.2735","8.0489","7.4246","11.949000000022352","12.303000000305474","9.447000000160187","28.4568","False"
"stark1","3","1","291372","291810","156928","284","1","0","","7.3313","7.6587","1.2905","1.5159","8.6894","13.725000000093132","16.375","2.9729999997653067","37.3342","False"
"stark1","4","1","290220","290658","154768","284","1","0","","5.9174","5.970500000000001","1.2066","1.4681","7.03","11.155999999959022","11.780999999959022","2.759000000078231","43.0082","False"
"stark1","5","1","289372","289810","156128","284","1","0","","6.9457","7.140500000000003","1.2399","1.7908","8.2858","16.746999999973923","12.972000000067055","3.427000000141561","51.3386","False"
"stark1","6","1","291468","291906","157584","284","1","0","","6.5493","6.069000000000003","1.2432","1.5319","7.0859","13.734999999869615","11.722000000067055","2.895999999716878","47.8182","False"
"stark1","7","1","291068","291506","157008","284","1","0","","5.667","6.1373999999999995","1.285","1.5433","7.2125","10.729999999981374","11.763999999966472","2.9570000004023314","43.5777","False"
"stark1","8","1","292380","292818","157888","284","1","0","","5.603","6.986600000000003","1.2821","1.5847","8.0953","12.129999999888241","13.763000000268221","3.084999999962747","40.2052","False"
"stark1","9","1","291308","291746","157376","284","1","0","","6.0767","5.909300000000002","1.2899","1.5729","6.9844","12.285000000149012","11.700999999884516","3.015000000130385","46.209","False"
"stark1","10","1","290572","291010","156256","284","1","0","","5.7044","6.329200000000007","1.2732","1.5744","7.4649","12.652000000234693","12.671999999787658","2.9450000002980232","42.2935","False"
"stark1","11","1","290252","290690","156032","284","1","0","","6.22","5.989599999999996","1.2469","1.5707","7.0727","12.239000000059605","14.583999999798834","2.9440000001341105","48.491","False"
"stark1","12","1","291556","291994","157136","284","1","0","","7.8149","6.965100000000007","1.2744","1.6257","8.0888","16.09000000031665","13.268999999854714","3.0109999999403954","47.3754","False"
"stark1","13","1","290580","291018","156496","284","1","0","","6.5571","5.3507999999999925","1.2619","1.5342","6.4398","13.342999999877065","11.081000000238419","2.8640000000596046","43.2462","False"
"stark1","14","1","290940","291378","156768","284","1","0","","6.544","5.935100000000006","1.3041","1.6183","7.0557","13.671000000089407","11.975000000093132","3.0839999997988343","49.8491","False"
"stark1","15","1","291900","292338","157904","284","1","0","","6.0461","7.540599999999998","1.3386","1.5871","8.71","11.612999999895692","22.834999999962747","5.515000000130385","47.6105","False"
"stark1","16","1","290748","291186","156544","284","1","0","","7.0384","6.549499999999995","1.322","1.5636","7.6513","21.330000000074506","19.08100000023842","6.083000000100583","45.2813","False"
"stark1","17","1","291740","292178","157488","284","1","0","","7.9702","6.884699999999995","1.274","1.5651","7.9962","26.91300000017509","22.717999999877065","5.950999999884516","54.164","False"
"stark1","18","1","291772","292210","157568","284","1","0","","7.2992","7.983800000000002","1.3092","1.5545","9.2213","24.591999999713153","21.470999999903142","6.070000000298023","53.6205","False"
"stark1","19","1","291164","291602","156960","284","1","0","","7.5527","6.938199999999995","1.3261","1.6252","8.109","25.87000000011176","20.68099999986589","6.094000000040978","52.3194","False"
"stark1","20","1","291324","291762","157168","284","1","0","","6.3781","6.961399999999998","1.3162","1.6073","8.1487","14.165000000037253","20.50799999991432","9.205999999772757","49.8473","False"
"stark1","21","1","290956","291394","156624","284","1","0","","6.6777","6.4273000000000025","2.1473","1.5603","7.4515","20.2320000003092","13.078999999910593","6.95699999993667","47.7892","False"
"stark1","22","1","292572","293010","157200","284","1","0","","6.8358","6.980099999999993","1.2526","1.5802","8.026","17.54300000006333","12.111000000033528","2.969000000040978","45.5382","False"
"stark1","23","1","291004","291442","156464","284","1","0","","5.8046","6.381","1.2361","1.5059","7.392","10.828000000212342","12.165000000037253","2.9410000001080334","51.5262","False"
"stark1","24","1","291788","292226","157712","284","1","0","","5.8575","6.6913000000000125","1.2376","1.5086","7.735","11.242000000085682","12.092999999877065","2.9559999997727573","47.9083","False"
"stark1","25","1","289956","290394","155632","284","1","0","","7.7477","5.872700000000009","1.3625","1.5892","6.9643","13.416000000201166","11.007999999914318","3.083000000100583","45.6299","False"
"stark1","26","1","292588","293026","157520","284","1","0","","6.4858","6.095100000000002","1.258","1.4892","7.1682","12.081000000238419","11.183999999891967","2.8460000003688037","52.078","False"
"stark1","27","1","291612","292050","157536","284","1","0","","6.5931","6.479299999999995","1.2402","1.7447","7.4891","13.032999999821186","14.859000000171363","3.177000000141561","49.2024","False"
"stark1","28","1","289604","290042","155744","284","1","0","","5.8151","6.9178","1.2797","1.5451","7.9466","11.60300000011921","14.180000000167638","2.9440000001341105","45.837","False"
"stark1","29","1","292060","292498","157712","284","1","0","","6.437","6.246700000000004","1.2742","1.5792","7.3193","14.313000000081956","15.405999999959022","2.921000000089407","42.506","False"
"stark1","30","1","292460","292898","158176","284","1","0","","7.4652","6.352100000000007","1.255","1.5229","7.4043","15.722000000067055","13.250999999698251","2.924000000115484","50.2078","False"
"stark1","31","1","290604","291042","156240","284","1","0","","5.8763","6.8892999999999915","1.2973","1.5497","7.9429","11.279000000096858","14.89199999999255","2.9769999999552965","46.9207","False"
"stark1","32","1","290380","290818","156528","284","1","0","","7.2553","6.733599999999996","1.2407","2.4123","7.8102","13.899999999906868","13.384999999776483","3.46100000012666","45.6921","False"
"stark1","33","1","291500","291938","157184","284","1","0","","6.4496","6.414800000000014","1.2922","1.5334","7.4719","14.787000000011176","13.84899999992922","2.897000000346452","52.4943","False"
"stark1","34","1","290860","291298","156528","284","1","0","","6.1327","6.331299999999999","1.272","1.5602","7.3522","13.033999999985099","13.450000000186265","2.9950000001117587","48.8592","False"
"stark1","35","1","291420","291858","157264","284","1","0","","5.663","7.062999999999988","1.2358","1.5342","8.1214","11.27199999988079","16.162000000011176","2.927000000141561","45.4605","False"
"stark1","36","1","289580","290018","155744","284","1","0","","7.648","5.85560000000001","1.2718","1.5436","6.897","16.118000000249594","11.14199999999255","3.0570000000298023","42.8851","False"
"stark1","37","1","290700","291138","156384","284","1","0","","5.9693","6.620399999999989","1.304","1.5222","7.667","12.847000000067055","15.756999999750406","3.1180000002495944","49.3932","False"
"stark1","38","1","292156","292594","157936","284","1","0","","6.5922","7.5190000000000055","1.2641","1.5505","8.5547","15.701000000350177","15.018999999854714","2.938999999780208","47.4104","False"
"stark1","39","1","291676","292114","157552","284","1","0","","7.2853","7.036200000000008","1.2889","2.5308","8.0848","14.811000000219792","12.493000000249594","3.9259999999776483","46.657","False"
"stark1","40","1","290892","291330","156320","284","1","0","","6.0879","6.5412000000000035","1.2725","1.5267","7.5862","12.148000000044703","13.109999999869615","2.9309999998658895","53.1878","False"
"stark1","41","1","292444","292882","158176","284","1","0","","6.1644","6.022800000000018","1.3018","1.579","7.0822","13.589000000152737","12.955000000074506","3.08199999993667","49.3689","False"
"stark1","42","1","290524","290962","156992","284","1","0","","7.4166","6.219100000000026","1.2778","1.5525","7.2815","16.921000000089407","14.453000000212342","2.9320000000298023","46.9435","False"
"stark1","43","1","291196","291634","157008","284","1","0","","6.1462","6.9920999999999935","1.2912","1.5288","8.0351","13.52100000018254","14.768000000156462","2.9500000001862645","43.9889","False"
"stark1","44","1","291852","292290","157360","284","1","0","","6.1153","6.184700000000021","1.2551","1.5606","7.2537","11.574000000022352","12.47800000011921","3.0069999997504056","50.2177","False"
"stark1","45","1","291036","291474","155616","284","1","0","","5.9694","6.00569999999999","1.2484","1.5351","7.0469","11.43999999994412","11.857000000309199","2.9720000000670552","46.08","False"
"stark1","46","1","292284","292722","157792","284","1","0","","6.0524","6.19319999999999","1.257","1.575","7.2418","13.985999999567866","12.483999999705702","3.033999999985099","42.2586","False"
"stark1","47","1","291772","292210","157664","284","1","0","","6.4506","6.8670999999999935","1.2982","1.6572","7.9197","12.93900000024587","12.600000000093132","3.180000000167638","49.6397","False"
"stark1","48","1","290924","291362","156304","284","1","0","","7.4835","6.638599999999997","1.2452","1.521","7.7147","15.083000000100583","16.28899999987334","2.908999999985099","47.6439","False"
"stark1","49","1","291884","292322","157344","284","1","0","","5.6289","6.748899999999992","1.2341","1.5284","7.817","10.932000000029802","12.089999999850988","2.9040000000968575","43.8978","False"
"stark1","50","1","291716","292154","156592","284","1","0","","5.8987","7.055099999999982","1.2485","1.5185","8.0764","12.686000000219792","13.240999999921769","2.924000000115484","50.6917","False"
"stark1","51","1","291372","291810","157296","284","1","0","","6.4465","7.259999999999991","1.2546","1.495","8.3298","15.21999999973923","14.99100000038743","2.8769999998621643","48.2642","False"
"stark1","52","1","291140","291578","156816","284","1","0","","6.4108","6.5575000000000045","1.3028","1.6341","7.61","14.723000000230968","17.126999999862164","3.0809999997727573","45.2889","False"
"stark1","53","1","291964","292402","157744","284","1","0","","8.0258","7.915300000000002","1.361","1.7093","9.1086","17.701000000350177","15.98300000000745","3.174000000115484","55.5462","False"
"stark1","54","1","291020","291458","157152","284","1","0","","8.0937","6.647400000000005","1.3804","1.6097","7.8213","16.49100000038743","14.302000000141561","3.132000000216067","54.521","False"
"stark1","55","1","289468","289906","155776","284","1","0","","6.6927","7.929300000000012","1.339","1.5302","9.0347","14.557000000029802","15.322000000160187","3.1140000000596046","53.1775","False"
"stark1","56","1","291516","291954","156864","284","1","0","","8.3925","6.451000000000022","1.2859","1.5392","7.5311","17.986000000033528","14.382000000216067","2.9459999999962747","51.992","False"
"stark1","57","1","290956","291394","156592","284","1","0","","6.7513","6.36160000000001","1.2691","1.5689","7.4241","13.474999999627471","12.200999999884516","3.125","49.0559","False"
"stark1","58","1","293196","293634","158608","284","1","0","","6.7698","5.543600000000026","1.2535","1.5309","6.6247","13.879999999888241","12.169999999925494","2.910999999847263","45.2999","False"
"stark1","59","1","290156","290594","156848","284","1","0","","6.1038","8.082100000000025","1.2635","1.5516","9.1435","13.39199999999255","18.06000000005588","3.067000000271946","43.4244","False"
"stark1","60","1","291524","291962","157472","284","1","0","","6.0362","6.380299999999977","1.2673","1.5171","7.4191","11.393000000156462","12.437000000383705","2.9920000000856817","49.7172","False"
"stark1","61","1","292060","292498","157568","284","1","0","","5.8065","6.5937999999999874","1.2657","1.5494","7.6232","11.638999999966472","13.327000000048429","3.00400000018999","46.0103","False"
"stark1","62","1","291644","292082","157328","284","1","0","","6.704","7.338799999999992","1.2334","1.5007","8.3632","14.808999999891967","15.507000000216067","2.861999999731779","43.8619","False"
"stark1","63","1","291788","292226","157296","284","1","0","","6.4957","7.197499999999991","1.2959","1.5824","8.2907","13.319999999832362","12.697999999858439","3.11600000038743","51.5876","False"
"stark1","64","1","291580","292018","157424","284","1","0","","6.3632","6.298400000000015","1.307","1.6069","7.3584","12.039000000339001","11.248000000137836","3.0679999999701977","48.3039","False"
"stark1","65","1","290908","291346","155872","284","1","0","","5.3902","6.916299999999978","1.2205","1.5009","7.9772","10.907000000122935","13.322999999858439","2.8730000001378357","44.4525","False"
"stark1","66","1","291708","292146","157664","284","1","0","","5.8568","6.675900000000013","1.2728","1.5517","7.7127","10.836999999824911","12.263999999966472","3.0399999995715916","40.8995","False"
"stark1","67","1","292012","292450","157520","284","1","0","","6.6745","6.314099999999996","1.2697","1.5471","7.3837","14.618000000249594","14.242000000085682","2.959999999962747","47.841","False"
"stark1","68","1","291340","291778","156432","284","1","0","","5.8247","6.426899999999989","1.273","1.5459","7.4675","11.341999999713153","13.024999999906868","2.9709999999031425","44.0058","False"
"stark1","69","1","290940","291378","156912","284","1","0","","6.9628","6.9424999999999955","1.2977","1.5106","7.9773","12.77600000007078","12.410999999847263","3.0350000001490116","51.8111","False"
"stark1","70","1","292012","292450","155824","284","1","0","","5.7211","6.377299999999991","1.2267","1.5224","7.4532","11.14199999999255","12.407999999821186","2.87900000018999","47.7859","False"
"stark1","71","1","292092","292530","157920","284","1","0","","5.837","6.055600000000027","1.3025","1.53","7.0837","11.72899999981746","14.464999999850988","2.96100000012666","43.5921","False"
"stark1","72","1","292460","292898","158208","284","1","0","","7.1113","6.869599999999991","1.2829","1.5317","7.9304","15.336999999824911","12.716000000014901","3.0319999996572733","51.4902","False"
"stark1","73","1","292716","293154","158224","284","1","0","","6.2243","5.877900000000011","1.2826","1.5615","6.9304","13.203999999910593","13.632000000216067","2.9679999998770654","47.5451","False"
"stark1","74","1","291660","292098","156304","284","1","0","","6.2906","7.684599999999989","1.2475","1.5189","8.7246","14.354999999981374","14.566000000108033","2.9130000001750886","45.3737","False"
"stark1","75","1","292812","293250","158272","284","1","0","","7.6118","7.480599999999981","1.2445","1.5451","8.5724","12.670000000391155","16.37000000011176","2.919999999925494","54.4048","False"
"stark1","76","1","291980","292418","157776","284","1","0","","6.05","7.480799999999988","1.2473","1.5426","8.5198","11.609999999869615","12.779999999795109","2.9619999998249114","51.8154","False"
"stark1","77","1","293100","293538","158688","284","1","0","","7.4307","7.16700000000003","1.5485","5.5889","8.249","17.861000000033528","16.166000000201166","7.37099999981001","54.6865","False"
"stark1","78","1","293068","293506","157776","284","1","0","","6.4466","6.3659000000000106","1.2694","1.5518","7.4193","11.621000000275671","12.33199999993667","3.0210000001825392","51.4297","False"
"stark1","79","1","291044","291482","156944","284","1","0","","5.8581","6.424099999999953","1.2517","1.5165","7.4665","10.976999999955297","11.554000000003725","2.9890000000596046","57.5741","False"
"stark1","80","1","291212","291650","156048","284","1","0","","6.0172","6.8962999999999965","1.2299","1.5014","7.9645","11.015999999828637","13.307000000029802","2.8429999998770654","44.333","False"
"stark1","81","1","292060","292498","158208","284","1","0","","6.3564","6.437099999999987","1.2601","1.5411","7.4661","12.32799999974668","12.376000000163913","3.0979999997653067","51.0092","False"
"stark1","82","1","291292","291730","156976","284","1","0","","5.8157","7.29219999999998","1.2387","1.4787","8.3081","10.729000000283122","16.313999999780208","2.855000000447035","47.8925","False"
"stark1","83","1","289172","289610","154272","284","1","0","","6.6246","6.61080000000004","1.306","1.6366","7.7256","13.356000000145286","11.652000000234693","3.055000000167638","45.2338","False"
"stark1","84","1","291580","292018","157392","284","1","0","","6.1412","5.876600000000053","1.2255","1.5057","6.8808","13.95299999974668","11.188999999780208","2.868999999947846","41.0332","False"
"stark1","85","1","290940","291378","156784","284","1","0","","6.5793","7.4582000000000335","1.236","1.5092","8.4621","17.46499999985099","17.427999999839813","2.8640000000596046","48.8638","False"
"stark1","86","1","291396","291834","157120","284","1","0","","6.0693","5.844500000000039","1.2428","1.5769","6.8975","11.540999999735504","11.43599999975413","3.015000000130385","44.6975","False"
"stark1","87","1","291812","292250","157104","284","1","0","","6.3878","7.1749999999999545","1.2752","1.5636","8.2545","12.581000000238419","14.66800000006333","3.04300000006333","52.2204","False"
"stark1","88","1","291252","291690","157056","284","1","0","","6.8746","7.012899999999945","1.2871","1.5506","8.042","14.219000000040978","12.554000000003725","3.0380000001750886","50.0295","False"
"stark1","89","1","292044","292482","157824","284","1","0","","6.5725","7.949499999999944","1.3207","1.5116","9.0405","13.166999999899417","13.794000000227243","3.006000000052154","48.5231","False"
"stark1","90","1","292332","292770","158000","284","1","0","","5.9002","5.985000000000014","1.237","1.5045","7.0923","11.504999999888241","13.631000000052154","2.859999999869615","44.3098","False"
"stark1","91","1","291244","291682","157456","284","1","0","","7.3723","6.898400000000038","1.2244","1.4934","7.9411","16.27100000018254","14.795000000391155","2.8829999999143183","52.3852","False"
"stark1","92","1","291908","292346","157328","284","1","0","","6.1046","6.449799999999982","1.2342","1.5407","7.4901","12.083000000100583","12.497999999672174","2.9789999998174608","48.8052","False"
"stark1","93","1","291692","292130","157456","284","1","0","","5.8475","6.286899999999946","1.2297","1.4717","7.3509","12.683000000193715","12.425999999977648","2.8339999997988343","44.754","False"
"stark1","94","1","291244","291682","157568","284","1","0","","7.4205","5.988000000000056","1.2722","1.5915","7.4086","14.60800000000745","11.22400000039488","2.981999999843538","42.5102","False"
"stark1","95","1","290292","290730","156048","284","1","0","","6.6119","6.156500000000051","1.2679","1.5377","7.2017","18.97800000011921","19.057999999728054","8.442999999970198","49.19","False"
"stark1","96","1","292268","292706","157984","284","1","0","","6.108","6.6317000000000235","1.2556","1.5579","7.6721","16.031999999657273","29.21100000012666","2.9269999996758997","45.8384","False"
"stark1","97","1","290924","291362","156176","284","1","0","","6.9277","7.804300000000012","1.2261","1.5047","8.8445","21.368999999947846","28.99099999992177","2.848000000230968","44.389","False"
"stark1","98","1","292364","292802","158224","284","1","0","","8.1928","7.462700000000041","1.2448","1.539","8.5262","25.282999999821186","25.989000000059605","2.886999999638647","53.9363","False"
"stark1","99","1","290876","291314","156512","284","1","0","","6.4095","7.092999999999961","1.2339","1.7346","8.1612","20.364000000059605","20.02199999988079","7.449000000022352","51.5213","False"
"stark1","100","1","291436","291874","157344","284","1","0","","6.6203","6.412900000000036","1.377","1.495","7.4374","19.041000000201166","21.625","8.15100000007078","48.5155","False"
"stark1","101","1","291172","291610","156784","284","1","0","","7.57","6.04729999999995","1.2886","1.5889","7.0825","21.910999999847263","12.333999999798834","3.0350000001490116","46.0979","False"
"stark1","102","1","291852","292290","157648","284","1","0","","6.9616","6.286299999999983","1.3005","1.531","7.3213","13.24599999981001","13.77100000018254","2.990999999921769","43.2597","False"
"stark1","103","1","291196","291634","157216","284","1","0","","5.7684","6.21569999999997","1.254","1.5822","7.2428","11.64600000018254","11.472000000067055","3.1329999999143183","49.1457","False"
"stark1","104","1","291164","291602","157168","284","1","0","","6.9436","7.050299999999993","1.2807","1.6091","8.0539","16.721000000368804","17.410999999847263","3.0499999998137355","47.0815","False"
"stark1","105","1","292956","293394","158784","284","1","0","","7.3228","6.392000000000053","1.3603","1.6295","7.4094","15.300999999977648","12.672999999951571","3.1120000001974404","44.847","False"
"stark1","106","1","291948","292386","156768","284","1","0","","6.0841","7.334799999999973","1.2745","1.5375","8.4001","12.59899999992922","14.381000000052154","3.0769999995827675","52.1943","False"
"stark1","107","1","293020","293458","158752","284","1","0","","5.8319","6.602999999999952","1.2854","1.5265","7.6985","12.280999999959022","12.871000000275671","2.9279999998398125","48.5955","False"
"stark1","108","1","291516","291954","157536","284","1","0","","6.0561","6.689700000000016","1.303","1.5272","7.7563","11.820000000298023","14.398999999742955","2.937000000383705","45.2958","False"
"stark1","109","1","291404","291842","157024","284","1","0","","7.2403","6.431699999999978","1.255","1.546","7.5138","15.768999999854714","13.483999999705702","2.9320000000298023","42.9015","False"
"stark1","110","1","291324","291762","156208","284","1","0","","6.1631","6.248100000000022","1.2353","1.5367","7.2648","12.402000000234693","12.782000000122935","2.964000000152737","49.1516","False"
"stark1","111","1","290684","291122","156384","284","1","0","","6.2327","7.532199999999989","1.2647","1.5462","8.5956","12.766000000294298","14.038000000175089","2.940999999642372","46.8331","False"
"stark1","112","1","291356","291794","157120","284","1","0","","6.5898","5.82770000000005","1.289","1.5042","6.851","13.990999999921769","13.623999999836087","2.8650000002235174","43.1181","False"
"stark1","113","1","290212","290650","155664","284","1","0","","6.8551","8.051900000000046","1.2436","1.5079","9.0975","14.15100000007078","16.566000000108033","2.969000000040978","51.8757","False"
"stark1","114","1","291292","291730","157360","284","1","0","","6.4546","7.073700000000031","1.2511","2.1733","8.1017","13.503000000026077","13.277999999932945","3.5919999997131526","49.9092","False"
"stark1","115","1","290588","291026","156640","284","1","0","","5.9882","6.161200000000008","1.2588","1.5135","7.2369","11.398000000044703","12.574000000022352","2.9140000003390014","45.9566","False"
"stark1","116","1","291980","292418","156800","284","1","0","","7.683","6.880999999999972","1.3149","1.5122","7.9855","14.359999999869615","15.204000000376254","2.958000000100583","44.5125","False"
"stark1","117","1","292396","292834","156576","284","1","0","","7.9637","6.613899999999944","1.2448","1.5531","7.6954","15.172999999951571","16.058000000193715","2.9440000001341105","53.0142","False"
"stark1","118","1","291244","291682","157088","284","1","0","","6.1153","6.095699999999965","1.2595","1.5287","7.1163","13.487999999895692","15.166999999899417","3.0079999999143183","49.085","False"
"stark1","119","1","291964","292402","157936","284","1","0","","6.0523","7.499400000000037","1.2353","1.4928","8.5137","14.10300000011921","14.795999999623746","2.8399999998509884","46.43","False"
"stark1","120","1","291756","292194","157440","284","1","0","","6.9396","6.512200000000007","1.595","1.5323","7.6026","14.570999999996275","14.574999999720603","4.5720000001601875","44.1436","False"
"stark1","121","1","290580","291018","156368","284","1","0","","5.8053","6.880499999999984","1.2598","1.483","7.8904","11.118999999947846","12.842000000178814","2.967000000178814","50.6395","False"
"stark1","122","1","290644","291082","156384","284","1","0","","6.2409","7.943599999999947","1.2655","1.5308","9.0588","14.177999999839813","16.329000000376254","2.9459999999962747","48.7884","False"
"stark1","123","1","290636","291074","156576","284","1","0","","6.8768","6.711699999999951","1.2308","1.6982","7.7496","14.700000000186265","11.864000000059605","4.609999999869615","46.4079","False"
"stark1","124","1","290716","291154","156704","284","1","0","","7.5555","5.801299999999969","1.2962","1.5528","6.8427","12.594000000040978","11.507000000216067","2.9789999998174608","53.7093","False"
"stark1","125","1","291980","292418","156096","284","1","0","","6.0283","7.026200000000017","1.2402","1.6339","8.0868","13.692999999970198","15.141000000294298","3.0770000000484288","50.7484","False"
"stark1","126","1","291092","291530","156816","284","1","0","","6.1372","6.463200000000029","1.2757","1.5677","7.5123","12.028999999631196","17.0519999996759","3.037000000011176","47.2838","False"
"stark1","127","1","291148","291586","156688","284","1","0","","6.1415","6.4062000000000126","1.277","1.5267","7.4671","13.964000000152737","12.145000000018626","2.9249999998137355","43.7539","False"
"stark1","128","1","292268","292706","157968","284","1","0","","5.9329","8.336999999999989","1.2827","1.5445","9.3985","12.18999999994412","18.69799999985844","3.0349999996833503","51.9657","False"
"stark1","129","1","291092","291530","156784","284","1","0","","7.6035","5.7123000000000275","1.2606","1.5208","6.753","15.570000000298023","13.24100000038743","3.00400000018999","49.1688","False"
"stark1","130","1","291244","291682","155984","284","1","0","","6.3917","7.440900000000056","1.2695","1.5429","8.5014","13.398000000044703","15.363999999593943","2.9279999998398125","46.9269","False"
"stark1","131","1","291828","292266","157552","284","1","0","","6.0911","6.296799999999962","1.2808","1.5634","7.3432","11.966000000014901","13.510000000242144","2.921000000089407","43.2693","False"
"stark1","132","1","290428","290866","156368","284","1","0","","6.7127","6.409200000000055","1.2922","1.5687","7.4704","12.097000000067055","12.747999999672174","3.0690000001341105","50.365","False"
"stark1","133","1","290180","290618","155296","284","1","0","","5.6627","6.165300000000002","1.2181","1.4649","7.1788","10.637000000104308","11.456000000238419","2.8919999999925494","45.9428","False"
"stark1","134","1","290204","290642","156576","284","1","0","","5.9296","7.141200000000026","1.2509","1.5958","8.1787","10.94400000013411","17.96999999973923","2.971999999601394","42.9511","False"
"stark1","135","1","290932","291370","156768","284","1","0","","6.8888","8.184799999999996","1.3001","1.5659","9.2625","17.28000000026077","18.47000000020489","3.094000000040978","52.017","False"
"stark1","136","1","291004","291442","156016","284","1","0","","7.25","6.36749999999995","1.2547","1.5752","7.4219","17.507000000216067","14.254999999888241","3.0660000001080334","49.575","False"
"stark1","137","1","290268","290706","156048","284","1","0","","7.5797","6.434499999999957","1.289","1.4682","7.4715","17.93500000005588","11.59499999973923","2.8739999998360872","47.4406","False"
"stark1","138","1","289756","290194","155568","284","1","0","","6.0965","6.108799999999974","1.2123","1.4725","7.145","11.412999999709427","12.347000000067055","2.762000000104308","43.4196","False"
"stark1","139","1","291076","291514","156784","284","1","0","","5.9286","6.3215000000000146","1.282","1.5497","7.3621","10.81899999966845","11.299999999813735","3.0740000000223517","49.5948","False"
"stark1","140","1","292716","293154","158480","284","1","0","","6.0155","5.961900000000014","1.2321","1.5479","7.0128","11.018000000156462","11.43900000024587","2.895999999716878","45.4464","False"
"stark1","141","1","290844","291282","156896","284","1","0","","6.0899","5.766300000000001","1.2246","1.5143","6.7882","14.507999999914318","10.782000000122935","2.8759999996982515","41.1075","False"
"stark1","142","1","292716","293154","158016","284","1","0","","6.1637","6.898900000000026","1.3451","1.6529","8.003","12.43999999994412","12.078999999910593","3.154999999795109","48.3149","False"
"stark1","143","1","292420","292858","158016","284","1","0","","6.0491","7.337099999999964","1.2646","1.5431","8.4015","11.099999999627471","15.233999999705702","2.938999999780208","45.632","False"
"stark1","144","1","292364","292802","158096","284","1","0","","5.4676","7.4769000000000005","1.2531","1.5612","8.5132","10.467999999877065","18.549000000115484","3.0540000000037253","52.4855","False"
"stark1","145","1","290796","291234","156912","284","1","0","","7.7732","6.934499999999957","1.2489","1.588","8.0091","15.705000000074506","13.400000000372529","3.015000000130385","51.1599","False"
"stark1","146","1","289812","290250","155680","284","1","0","","6.7495","6.186799999999948","1.2725","1.5387","7.1924","13.212000000290573","13.170000000391155","2.9239999996498227","47.965","False"
"stark1","147","1","293004","293442","158448","284","1","0","","6.6545","6.246700000000033","1.2989","1.5882","7.3036","14.399999999906868","11.47899999981746","3.0159999998286366","44.8532","False"
"stark1","148","1","291532","291970","156224","284","1","0","","6.3188","5.893000000000029","1.2907","1.5715","6.9125","13.73300000000745","11.967999999877065","3.0109999999403954","50.9932","False"
"stark1","149","1","292276","292714","157216","284","1","0","","5.8639","7.609900000000039","1.293","1.5377","8.6795","11.877000000327826","14.604000000283122","2.967000000178814","48.4107","False"
"stark1","150","1","291364","291802","156720","284","1","0","","6.6424","7.5090000000000146","1.2548","1.5781","8.5708","14.379999999888241","16.60300000011921","2.908999999985099","46.5089","False"
"stark1","151","1","291052","291490","157152","284","1","0","","6.3412","5.96550000000002","1.3014","1.5437","7.5589","13.229999999981374","12.092999999877065","3.0109999999403954","53.3027","False"
"stark1","152","1","290876","291314","156320","284","1","0","","6.3127","6.5832000000000335","1.2834","1.5287","7.6373","15.584999999962747","14.493000000249594","3.0440000002272427","50.1316","False"
"stark1","153","1","292444","292882","158000","284","1","0","","6.6384","6.772999999999911","1.3396","1.574","7.7982","13.433000000193715","13.503000000026077","3.0210000001825392","47.5442","False"
"stark1","154","1","290348","290786","156560","284","1","0","","6.2683","5.913500000000113","1.2678","1.4955","6.9552","13.779999999795109","12.738999999593943","2.8999999999068677","43.5757","False"
"stark1","155","1","291292","291730","157168","284","1","0","","6.0456","5.721199999999953","1.2926","1.55","6.7509","12.649000000208616","11.207999999634922","3.0169999999925494","49.2683","False"
"stark1","156","1","291820","292258","155936","284","1","0","","6.1921","5.961299999999937","1.2872","1.5117","6.9804","13.927000000141561","13.304999999701977","2.907999999821186","45.292","False"
"stark1","157","1","292668","293106","158400","284","1","0","","6.2192","6.856399999999894","1.3133","1.5732","7.9294","12.996999999973923","12.574000000022352","3.0050000003539026","42.3719","False"
"stark1","158","1","292556","292994","157296","284","1","0","","5.8494","5.7444000000000415","1.245","1.5227","6.7795","11.533999999985099","13.027999999932945","2.8700000001117587","47.8305","False"
"stark1","159","1","289900","290338","155776","284","1","0","","5.9334","6.59660000000008","1.3152","1.485","7.677","13.529999999795109","16.30099999997765","2.9530000002123415","44.2887","False"
"stark1","160","1","289812","290250","156144","284","1","0","","6.9335","6.585399999999936","1.2629","1.5475","7.622","12.982000000309199","12.648999999742955","2.953999999910593","41.7122","False"
"stark1","161","1","291740","292178","157584","284","1","0","","6.3089","6.027000000000044","1.2627","1.4963","7.117","13.332999999634922","11.709000000264496","2.9680000003427267","47.9555","False"
"stark1","162","1","292140","292578","157712","284","1","0","","6.1252","6.408400000000029","1.3122","1.5555","7.4305","13.143999999854714","17.071999999694526","2.990999999921769","44.4344","False"
"stark1","163","1","290324","290762","156144","284","1","0","","6.9457","6.658200000000079","1.2697","1.6392","7.7356","13.503999999724329","13.694999999832362","3.1019999999552965","52.0716","False"
"stark1","164","1","291348","291786","155488","284","1","0","","6.854","6.191000000000031","1.3185","1.5597","7.2124","12.226999999955297","11.52600000007078","3.0010000001639128","49.0703","False"
"stark1","165","1","290348","290786","155808","284","1","0","","5.9207","6.211000000000013","1.2579","1.5471","7.2677","11.768000000156462","14.152999999932945","2.9220000002533197","45.1094","False"
"stark1","166","1","291380","291818","157488","284","1","0","","6.4117","6.892000000000053","1.2556","1.5304","7.9592","12.817999999970198","15.046000000089407","2.907999999821186","42.3131","False"
"stark1","167","1","291756","292194","157440","284","1","0","","5.8554","6.083599999999933","1.2384","1.5402","7.1278","11.091000000014901","13.37099999981001","2.8950000000186265","48.1261","False"
"stark1","168","1","292620","293058","158032","284","1","0","","6.135","6.81919999999991","1.2894","1.5159","7.8747","12.981000000145286","13.009999999776483","2.927000000141561","44.9851","False"
"stark1","169","1","290580","291018","156384","284","1","0","","6.0291","6.882399999999961","1.266","1.5056","7.9377","13.976000000257045","12.209000000264496","3.0619999999180436","41.7877","False"
"stark1","170","1","291108","291546","157088","284","1","0","","6.0922","7.006200000000035","1.271","1.4847","8.0647","11.320999999996275","17.55600000033155","2.935999999754131","48.7511","False"
"stark1","171","1","291404","291842","156176","284","1","0","","6.1892","6.44620000000009","1.2662","1.5302","7.5642","14.080999999772757","13.847999999765307","2.9980000001378357","45.3708","False"
"stark1","172","1","290580","291018","156464","284","1","0","","6.2377","5.901599999999917","1.2502","1.506","6.9318","12.592000000178814","11.777999999932945","2.936000000219792","51.3458","False"
"stark1","173","1","292876","293314","158464","284","1","0","","7.6565","6.0948000000000775","1.2583","1.5413","7.15","14.780999999959022","14.076000000350177","2.878000000026077","48.9977","False"
"stark1","174","1","291580","292018","156512","284","1","0","","5.6086","6.416999999999916","1.2847","1.5124","7.4759","11.794999999925494","12.15100000007078","2.9369999999180436","44.9304","False"
"stark1","175","1","291372","291810","157376","284","1","0","","6.4552","6.622499999999945","1.2721","1.5076","7.6728","14.475000000093132","15.49599999981001","2.977000000420958","51.9029","False"
"stark1","176","1","291532","291970","157296","284","1","0","","6.8655","5.773400000000038","1.252","1.5301","6.7828","14.916999999899417","11.905999999959022","2.936000000219792","48.3789","False"
"stark1","177","1","290484","290922","155984","284","1","0","","5.9199","7.065700000000106","1.2725","1.5227","8.1017","12.088999999687076","13.408999999985099","2.875","45.2376","False"
"sphincs1","1","1","264624","265062","244640","284","1","0","","0","10.614","2.4275","3.055","0","0","22.50499999988824","5.862999999895692","17.1717","True"
"sphincs1","2","1","265912","266350","247408","284","1","0","","0","13.7","3.899","4.4201","0","0","28.787000000011176","8.760999999940395","25.0079","True"
"sphincs1","3","1","265368","265806","245328","284","1","0","","0","14.2582","3.7002","4.0134","0","0","30.760000000242144","11.746999999973923","25.313","True"
"sphincs1","4","1","264760","265198","244784","284","1","0","","0","14.0682","13.0098","3.7322","0","0","30.19799999985844","18.64699999988079","33.9152","True"
"sphincs1","5","1","265528","265966","245472","284","1","0","","0","12.585","2.8389","3.4611","0","0","30.399000000208616","7.050999999977648","20.7856","True"
"sphincs1","6","1","266392","266830","245040","284","1","0","","0","11.8807","2.6385","3.2932","0","0","30.320000000298023","7.567000000271946","20.6465","True"
"sphincs1","7","1","266144","266582","244592","284","1","0","","0","13.2782","3.2192","3.4505","0","0","28.736000000033528","7.530999999959022","23.003","True"
"sphincs1","8","1","265200","265638","243840","284","1","0","","0","19.9983","6.2582","7.7377","0","0","41.49900000030175","15.131000000052154","37.622","True"
"sphincs1","9","1","266576","267014","245120","284","1","0","","0","17.0978","5.524","5.4207","0","0","39.76299999980256","11.364000000059605","31.52","True"
"sphincs1","10","1","265312","265750","243616","284","1","0","","0","14.1372","2.8208","3.5329","0","0","30.471000000368804","7.5","23.9029","True"
"sphincs1","11","1","267096","267534","247168","284","1","0","","0","15.8028","5.5131","8.6961","0","0","34.05099999997765","14.87099999981001","33.2054","True"
"sphincs1","12","1","265488","265926","245520","284","1","0","","0","15.4152","5.3317","5.3025","0","0","33.81899999966845","11.33199999993667","29.5844","True"
"sphincs1","13","1","264224","264662","242704","284","1","0","","0","14.8854","5.4378","5.4257","0","0","33.820999999996275","11.947999999858439","28.7776","True"
"sphincs1","14","1","265712","266150","244208","284","1","0","","0","15.1247","3.6121","3.956","0","0","30.94799999985844","7.861000000033528","25.5588","True"
"sphincs1","15","1","266288","266726","246096","284","1","0","","0","13.1777","2.8617","3.4184","0","0","40.4320000000298","10.746999999973923","21.7477","True"
"sphincs1","16","1","264664","265102","246224","284","1","0","","0","12.6333","2.6967","3.1475","0","0","30.756000000052154","6.324000000022352","21.048","True"
"sphincs1","17","1","264360","264798","242944","284","1","0","","0","12.3939","5.0041","4.2953","0","0","30.762000000104308","10.045000000391155","24.4505","True"
"sphincs1","18","1","264592","265030","247408","284","1","0","","0","16.6316","6.8104","6.8365","0","0","35.49200000008568","14.703999999910593","33.5507","True"
"sphincs1","19","1","266136","266574","246192","284","1","0","","0","17.6811","5.6987","9.4889","0","0","34.23300000000745","15.796999999787658","35.3415","True"
"sphincs1","20","1","265752","266190","245840","284","1","0","","0","15.8871","4.6805","5.1458","0","0","32.97900000028312","10.450999999884516","29.3098","True"
"sphincs1","21","1","266360","266798","247984","284","1","0","","0","17.4153","4.7685","5.4597","0","0","33.62399999983609","10.780999999959022","31.3198","True"
"sphincs1","22","1","263392","263830","243008","284","1","0","","0","14.8822","4.7122","4.8822","0","0","31.462999999988824","10.00400000018999","27.3162","True"
"sphincs1","23","1","263896","264334","243824","284","1","0","","0","14.8188","5.2105","5.3234","0","0","33.001999999862164","11.688999999780208","28.9432","True"
"sphincs1","24","1","264696","265134","243136","284","1","0","","0","15.7294","3.7179","4.1634","0","0","32.26200000010431","8.199000000022352","26.403","True"
"sphincs1","25","1","265560","265998","245504","284","1","0","","0","11.8421","2.9571","3.6785","0","0","26.273000000044703","7.118999999947846","21.0492","True"
"sphincs1","26","1","265248","265686","245408","284","1","0","","0","11.8632","5.1115","3.3796","0","0","31.342999999877065","9.104999999981374","23.6465","True"
"sphincs1","27","1","265440","265878","245520","284","1","0","","0","12.5968","6.2513","6.5189","0","0","30.63400000007823","13.312999999616295","29.0307","True"
"sphincs1","28","1","265360","265798","245088","284","1","0","","0","16.8271","5.4835","6.8938","0","0","37.881000000052154","13.351000000257045","32.5285","True"
"sphincs1","29","1","264848","265286","243456","284","1","0","","0","18.0155","5.6489","5.7415","0","0","37.450999999884516","12.082000000402331","33.69","True"
"sphincs1","30","1","264600","265038","243184","284","1","0","","0","16.0092","4.9907","5.4488","0","0","41.43399999989197","20.930000000167638","30.5562","True"
"sphincs1","1","1","264624","265062","244640","284","1","0","","0","9.6965","2.311","2.7811","0","0","21.977000000420958","5.303000000305474","15.7827","True"
"sphincs1","2","1","265912","266350","247408","284","1","0","","0","9.3212","2.5469","2.8763","0","0","22.833000000100583","5.733000000007451","16.8873","True"
"sphincs1","3","1","265368","265806","245328","284","1","0","","0","10.0542","3.5145","2.8199","0","0","23.507000000216067","6.6019999999552965","18.9952","True"
"sphincs1","4","1","264760","265198","244784","284","1","0","","0","9.2283","2.4356","2.7921","0","0","21.47399999992922","5.512000000104308","17.3983","True"
"sphincs1","5","1","265528","265966","245472","284","1","0","","0","10.5345","2.3576","2.821","0","0","23.111000000033528","5.462999999988824","17.966","True"
"sphincs1","6","1","266392","266830","245040","284","1","0","","0","11.1675","2.3835","2.8014","0","0","25.887000000104308","5.444999999832362","18.7803","True"
"sphincs1","7","1","266144","266582","244592","284","1","0","","0","9.7079","2.3696","2.8157","0","0","21.959000000264496","5.464999999850988","17.5228","True"
"sphincs1","8","1","265200","265638","243840","284","1","0","","0","10.3397","2.376","2.779","0","0","22.359999999869615","5.524999999906868","18.384","True"
"sphincs1","9","1","266576","267014","245120","284","1","0","","0","11.3263","2.5302","2.8538","0","0","23.411000000312924","5.717999999877065","18.8449","True"
"sphincs1","10","1","265312","265750","243616","284","1","0","","0","13.5805","2.3805","2.9251","0","0","32.083999999798834","5.757000000216067","26.1124","True"
"sphincs1","11","1","267096","267534","247168","284","1","0","","0","11.262","2.4904","2.8451","0","0","26.16800000006333","9.861000000033528","19.4825","True"
"sphincs1","12","1","265488","265926","245520","284","1","0","","0","11.5359","2.3847","2.824","0","0","25.653000000398606","5.634000000078231","18.6304","True"
"sphincs1","13","1","264224","264662","242704","284","1","0","","0","10.5015","2.3911","2.7338","0","0","22.782999999821186","5.471999999601394","17.7606","True"
"sphincs1","14","1","265712","266150","244208","284","1","0","","0","10.8053","2.3349","2.6721","0","0","23.637000000104308","5.244999999646097","18.0913","True"
"sphincs1","15","1","266288","266726","246096","284","1","0","","0","10.3457","2.3297","2.7015","0","0","22.679000000003725","5.393999999854714","17.658","True"
"sphincs1","16","1","264664","265102","246224","284","1","0","","0","10.2393","2.3722","2.7765","0","0","29.447000000160187","10.669999999925494","17.8085","True"
"sphincs1","17","1","264360","264798","242944","284","1","0","","0","10.5529","2.5317","2.8062","0","0","22.868999999947846","5.65500000026077","18.4612","True"
"sphincs1","18","1","264592","265030","247408","284","1","0","","0","11.3395","2.3776","3.3551","0","0","24.934000000357628","5.983000000007451","19.991","True"
"sphincs1","19","1","266136","266574","246192","284","1","0","","0","10.4108","2.407","2.8275","0","0","23.186999999918044","5.637000000104308","18.3368","True"
"sphincs1","20","1","265752","266190","245840","284","1","0","","0","10.8025","2.4485","2.8225","0","0","22.91800000006333","5.7209999999031425","17.5796","True"
"sphincs1","21","1","266360","266798","247984","284","1","0","","0","10.5738","2.4196","2.778","0","0","23.144000000320375","5.554999999701977","18.549","True"
"sphincs1","22","1","263392","263830","243008","284","1","0","","0","11.3504","2.3526","2.7745","0","0","23.40500000026077","5.468000000342727","18.2891","True"
"sphincs1","23","1","263896","264334","243824","284","1","0","","0","10.9022","2.4281","2.7784","0","0","22.856999999843538","5.6749999998137355","19.0664","True"
"sphincs1","24","1","264696","265134","243136","284","1","0","","0","10.1636","2.3886","2.804","0","0","22.246999999973923","5.583000000100583","17.58","True"
"sphincs1","25","1","265560","265998","245504","284","1","0","","0","11.2879","2.3365","2.7144","0","0","23.781999999657273","5.412999999709427","18.7723","True"
"sphincs1","26","1","265248","265686","245408","284","1","0","","0","11.5928","3.1223","2.7842","0","0","24.755000000353903","6.447999999858439","20.09","True"
"sphincs1","27","1","265440","265878","245520","284","1","0","","0","13.4973","2.4352","2.812","0","0","26.955999999772757","5.618999999947846","20.6622","True"
"sphincs1","28","1","265360","265798","245088","284","1","0","","0","10.2787","2.3672","2.788","0","0","22.15500000026077","5.955000000074506","17.6217","True"
"sphincs1","29","1","264848","265286","243456","284","1","0","","0","10.1784","2.359","2.7737","0","0","22.054000000003725","5.615000000223517","17.6657","True"
"sphincs1","30","1","264600","265038","243184","284","1","0","","0","10.2375","2.3818","2.7457","0","0","22.503000000026077","5.512000000104308","17.8777","True"
"sphincs1","31","1","266648","267086","248416","284","1","0","","0","11.1717","2.4926","2.8175","0","0","23.855999999679625","5.702000000048429","19.1356","True"
"sphincs1","32","1","267640","268078","247568","284","1","0","","0","10.5702","2.4385","2.8145","0","0","22.770000000018626","5.677000000141561","17.8184","True"
"sphincs1","33","1","266416","266854","244992","284","1","0","","0","10.5498","2.3883","3.5006","0","0","22.661000000312924","6.260999999940395","17.4494","True"
"sphincs1","34","1","265528","265966","245376","284","1","0","","0","10.5142","2.3543","2.8593","0","0","22.45300000021234","5.557000000029802","18.001","True"
"sphincs1","35","1","266744","267182","246720","284","1","0","","0","10.9272","2.5287","2.803","0","0","24.33299999963492","5.669999999925494","18.7944","True"
"sphincs1","36","1","265656","266094","244368","284","1","0","","0","10.4556","2.5032","2.7467","0","0","22.450000000186265","5.5750000001862645","18.5999","True"
"sphincs1","37","1","264440","264878","244560","284","1","0","","0","10.7014","2.4015","2.7298","0","0","22.962000000290573","5.462999999988824","18.3561","True"
"sphincs1","38","1","265552","265990","244304","284","1","0","","0","10.3291","2.4053","2.8022","0","0","23.093000000342727","5.800999999977648","18.2712","True"
"sphincs1","39","1","264792","265230","243232","284","1","0","","0","10.297","2.4087","2.8337","0","0","22.56900000013411","5.711999999824911","17.2275","True"
"sphincs1","40","1","266928","267366","246560","284","1","0","","0","10.263","2.323","2.7847","0","0","22.42200000025332","5.353999999817461","18.3882","True"
"sphincs1","41","1","265328","265766","243600","284","1","0","","0","10.3564","2.4279","3.444","0","0","22.595999999903142","6.256000000052154","18.3449","True"
"sphincs1","42","1","265920","266358","247712","284","1","0","","0","10.227","2.4165","2.7731","0","0","22.380000000353903","5.524999999906868","17.4599","True"
"sphincs1","43","1","266456","266894","246640","284","1","0","","0","11.2217","2.4183","2.8097","0","0","23.98700000019744","5.546000000089407","18.7186","True"
"sphincs1","44","1","265968","266406","244528","284","1","0","","0","10.4772","2.3964","2.8228","0","0","22.76699999999255","6.032999999821186","16.9577","True"
"sphincs1","45","1","265880","266318","246240","284","1","0","","0","11.7722","2.4743","2.851","0","0","30.790999999735504","6.188000000081956","19.6412","True"
"sphincs1","46","1","265808","266246","244640","284","1","0","","0","10.5893","2.3713","2.7622","0","0","25.398999999742955","10.032000000122935","18.6107","True"
"sphincs1","47","1","264600","265038","243280","284","1","0","","0","11.1009","2.3678","2.7874","0","0","23.16300000017509","5.583000000100583","18.3334","True"
"sphincs1","48","1","264984","265422","246384","284","1","0","","0","11.1272","2.3819","2.9667","0","0","25.179000000003725","6.781000000424683","18.7172","True"
"sphincs1","49","1","264960","265398","243488","284","1","0","","0","10.5548","3.1448","2.7994","0","0","22.986000000033528","6.391999999992549","18.777","True"
"sphincs1","50","1","265720","266158","246016","284","1","0","","0","10.0162","2.3819","2.8246","0","0","23.013999999966472","5.46999999973923","16.2766","True"
"sphincs1","51","1","265272","265710","245232","284","1","0","","0","10.7808","2.456","2.8707","0","0","23.195000000298023","5.6809999998658895","18.4705","True"
"sphincs1","52","1","265040","265478","244832","284","1","0","","0","10.508","2.3054","2.7535","0","0","23.469000000040978","5.384000000078231","18.2488","True"
"sphincs1","53","1","264664","265102","244320","284","1","0","","0","10.4232","2.3976","2.7602","0","0","22.75800000037998","5.410999999847263","18.3647","True"
"sphincs1","54","1","265904","266342","244272","284","1","0","","0","11.5807","2.427","2.7648","0","0","24.40499999979511","5.419000000227243","19.7599","True"
"sphincs1","55","1","265496","265934","246944","284","1","0","","0","11.2385","2.4143","2.8065","0","0","23.81900000013411","5.478000000119209","18.6979","True"
"sphincs1","56","1","265440","265878","243888","284","1","0","","0","10.4679","2.3737","3.468","0","0","22.54700000025332","6.216000000014901","19.0547","True"
"sphincs1","57","1","266552","266990","246816","284","1","0","","0","10.5163","2.3959","2.7551","0","0","22.618999999947846","5.429000000003725","18.2782","True"
"sphincs1","58","1","265552","265990","248080","284","1","0","","0","11.5771","2.4343","2.7955","0","0","25.030999999959022","5.492000000085682","19.5917","True"
"sphincs1","59","1","266680","267118","245600","284","1","0","","0","10.6497","2.4065","2.8045","0","0","22.791999999899417","5.679000000003725","17.9035","True"
"sphincs1","60","1","265680","266118","244656","284","1","0","","0","12.7485","2.2921","2.6591","0","0","27.07700000004843","5.166999999899417","20.0151","True"
"sphincs1","61","1","263520","263958","243712","284","1","0","","0","10.9672","2.3609","2.7412","0","0","23.098000000230968","5.418999999761581","18.4283","True"
"sphincs1","62","1","264688","265126","243072","284","1","0","","0","11.2309","2.3671","2.765","0","0","25.924000000115484","5.572999999858439","18.8299","True"
"sphincs1","63","1","264496","264934","246160","284","1","0","","0","10.361","2.3592","2.8184","0","0","22.61700000008568","5.557000000029802","18.1709","True"
"sphincs1","64","1","265240","265678","245248","284","1","0","","0","10.9856","2.3467","3.5148","0","0","23.049999999813735","6.353000000119209","19.6922","True"
"sphincs1","65","1","264856","265294","245280","284","1","0","","0","10.1764","2.3608","2.8527","0","0","22.35300000011921","5.563000000081956","18.1099","True"
"sphincs1","66","1","267056","267494","246720","284","1","0","","0","10.0682","2.3468","2.6831","0","0","22.42299999995157","5.297999999951571","18.0841","True"
"sphincs1","67","1","264696","265134","243296","284","1","0","","0","10.7075","2.4881","2.8967","0","0","23.80200000014156","5.6940000001341105","18.0197","True"
"sphincs1","68","1","265008","265446","244560","284","1","0","","0","11.6632","2.3054","2.7114","0","0","24.208999999798834","5.3220000001601875","19.0392","True"
"sphincs1","69","1","265984","266422","247360","284","1","0","","0","10.1723","2.3622","2.7029","0","0","22.39699999988079","5.342999999877065","17.6372","True"
"sphincs1","70","1","264520","264958","243088","284","1","0","","0","10.8727","2.4032","2.8722","0","0","23.291999999899417","5.637000000104308","18.6295","True"
"sphincs1","71","1","265104","265542","243776","284","1","0","","0","10.5355","2.4106","2.7392","0","0","22.773999999742955","5.577000000048429","18.4698","True"
"sphincs1","72","1","266096","266534","244864","284","1","0","","0","10.7282","3.2056","2.766","0","0","22.996999999973923","6.296000000089407","19.7026","True"
"sphincs1","73","1","264408","264846","242864","284","1","0","","0","10.2689","2.345","2.7737","0","0","22.54799999995157","5.472000000067055","17.3759","True"
"sphincs1","74","1","265016","265454","246464","284","1","0","","0","10.66","2.3887","2.8724","0","0","23.11700000008568","5.728000000119209","18.0776","True"
"sphincs1","75","1","266104","266542","244848","284","1","0","","0","10.279","2.317","2.71","0","0","22.501000000163913","5.362999999895692","17.7586","True"
"sphincs1","76","1","264920","265358","245168","284","1","0","","0","11.0226","2.448","2.7982","0","0","23.778999999631196","5.7269999999552965","18.7932","True"
"sphincs1","77","1","266616","267054","245280","284","1","0","","0","10.3405","2.4021","2.7434","0","0","22.464000000152737","5.529999999795109","18.2927","True"
"sphincs1","78","1","266264","266702","247040","284","1","0","","0","10.1342","2.3635","2.7905","0","0","22.011999999638647","5.66800000006333","18.2975","True"
"sphincs1","79","1","265272","265710","246976","284","1","0","","0","10.5254","2.429","3.5656","0","0","22.802999999839813","6.381000000052154","18.6537","True"
"sphincs1","80","1","264480","264918","246288","284","1","0","","0","10.5747","2.3972","2.8184","0","0","22.798999999649823","5.5469999997876585","17.9662","True"
"sphincs1","81","1","265648","266086","245584","284","1","0","","0","10.449","2.4254","2.7234","0","0","23.429999999701977","5.513000000268221","18.0144","True"
"sphincs1","82","1","267128","267566","247120","284","1","0","","0","10.845","2.3896","2.7645","0","0","23.131000000052154","5.630999999586493","17.3107","True"
"sphincs1","83","1","264056","264494","245200","284","1","0","","0","10.2614","2.3605","2.7399","0","0","23.00400000018999","5.455000000074506","16.8492","True"
"sphincs1","84","1","264960","265398","244832","284","1","0","","0","10.1596","2.3686","2.8173","0","0","22.572000000160187","5.682999999728054","17.6238","True"
"sphincs1","85","1","265784","266222","247232","284","1","0","","0","10.2041","2.4617","2.794","0","0","22.996999999973923","5.675999999977648","18.0151","True"
"sphincs1","86","1","263992","264430","245232","284","1","0","","0","10.1732","2.3824","2.7515","0","0","22.842999999877065","5.63799999980256","18.1485","True"
"sphincs1","87","1","264600","265038","244144","284","1","0","","0","10.2345","2.4024","3.7073","0","0","22.600999999791384","6.674000000115484","17.8795","True"
"sphincs1","88","1","265136","265574","243984","284","1","0","","0","11.0328","2.321","2.7891","0","0","23.20299999974668","5.455000000074506","18.8385","True"
"sphincs1","89","1","266384","266822","244960","284","1","0","","0","10.1942","2.3889","2.7958","0","0","22.277000000234693","5.6510000000707805","16.6144","True"
"sphincs1","90","1","266488","266926","246656","284","1","0","","0","10.1193","2.3876","2.6784","0","0","22.390000000130385","5.433999999891967","17.6626","True"
"sphincs1","91","1","266008","266446","246256","284","1","0","","0","10.273","2.433","2.7983","0","0","22.433999999891967","5.800999999977648","18.0463","True"
"sphincs1","92","1","264912","265350","244704","284","1","0","","0","10.2241","2.3495","2.7243","0","0","22.48699999973178","5.5260000000707805","18.1026","True"
"sphincs1","93","1","265016","265454","245328","284","1","0","","0","11.1406","2.396","2.7571","0","0","23.390000000130385","5.6270000003278255","19.1983","True"
"sphincs1","94","1","265912","266350","246048","284","1","0","","0","10.2022","2.3567","2.8428","0","0","23.62900000018999","5.5559999998658895","17.4933","True"
"sphincs1","95","1","264656","265094","244288","284","1","0","","0","10.5613","3.2516","2.7589","0","0","22.782999999821186","6.425999999977648","18.9186","True"
"sphincs1","96","1","265848","266286","247504","284","1","0","","0","10.1733","2.4067","2.7932","0","0","22.350999999791384","5.540000000037253","17.7772","True"
"sphincs1","97","1","263928","264366","249024","284","1","0","","0","10.299","2.3599","2.7869","0","0","22.326000000350177","5.501999999862164","18.0555","True"
"sphincs1","98","1","265432","265870","243904","284","1","0","","0","10.236","2.3421","2.943","0","0","22.419999999925494","5.586999999824911","18.3286","True"
"sphincs1","99","1","266320","266758","246304","284","1","0","","0","11.0697","2.4051","2.7854","0","0","23.424000000115484","5.751999999862164","17.7743","True"
"sphincs1","100","1","265392","265830","244960","284","1","0","","0","10.3225","2.3219","2.7797","0","0","23.66000000014901","5.362999999895692","18.2155","True"
"sphincs1","101","1","265624","266062","245648","284","1","0","","0","9.16","2.3619","2.8297","0","0","21.41399999987334","5.532000000122935","17.3271","True"
"sphincs1","102","1","266168","266606","249312","284","1","0","","0","11.4352","2.3487","3.5861","0","0","24.359000000171363","6.268000000156462","19.5764","True"
"sphincs1","103","1","265936","266374","244416","284","1","0","","0","10.473","2.3801","2.749","0","0","24.37900000018999","5.3519999999552965","17.7815","True"
"sphincs1","104","1","265432","265870","247184","284","1","0","","0","10.6899","2.4011","2.8443","0","0","24.188000000081956","6.144000000320375","18.3029","True"
"sphincs1","105","1","265464","265902","244000","284","1","0","","0","10.5389","2.3731","2.7756","0","0","23.506999999750406","5.438999999780208","18.3197","True"
"sphincs1","106","1","265144","265582","245088","284","1","0","","0","11.2103","2.3977","2.7343","0","0","23.62400000030175","5.597999999765307","17.92","True"
"sphincs1","107","1","265424","265862","244144","284","1","0","","0","11.3403","2.3709","2.7933","0","0","24.910999999847263","5.532000000122935","19.2353","True"
"sphincs1","108","1","265496","265934","243936","284","1","0","","0","10.3307","2.4092","2.7674","0","0","22.75799999991432","5.564999999944121","18.4626","True"
"sphincs1","109","1","265424","265862","243920","284","1","0","","0","10.3382","2.3623","2.7674","0","0","22.64199999999255","5.476000000257045","17.6292","True"
"sphincs1","110","1","265400","265838","245488","284","1","0","","0","12.3033","2.3199","3.2676","0","0","26.611000000033528","5.833000000100583","20.2239","True"
"sphincs1","111","1","265200","265638","243552","284","1","0","","0","10.6879","2.3956","2.7817","0","0","23.782999999821186","5.546000000089407","17.207","True"
"sphincs1","112","1","265464","265902","245504","284","1","0","","0","12.407","2.3631","2.7679","0","0","27.165000000037253","5.649000000208616","20.1004","True"
"sphincs1","113","1","263712","264150","245152","284","1","0","","0","10.9897","2.3644","2.8084","0","0","24.052999999839813","5.643000000156462","18.8665","True"
"sphincs1","114","1","266008","266446","247312","284","1","0","","0","10.4882","2.3717","2.7528","0","0","24.25499999988824","5.463999999687076","18.5166","True"
"sphincs1","115","1","265296","265734","243856","284","1","0","","0","11.009","2.4109","2.7113","0","0","23.61599999992177","5.493999999947846","18.2015","True"
"sphincs1","116","1","264856","265294","245088","284","1","0","","0","11.0958","2.4047","2.7148","0","0","24.562000000383705","5.699999999720603","18.976","True"
"sphincs1","117","1","263424","263862","243424","284","1","0","","0","11.0784","2.4811","2.8471","0","0","23.88799999980256","5.7790000000968575","19.3807","True"
"sphincs1","118","1","266200","266638","247664","284","1","0","","0","10.7938","3.1174","2.7358","0","0","23.294000000227243","6.1049999999813735","18.9306","True"
"sphincs1","119","1","263984","264422","243616","284","1","0","","0","11.0163","2.2907","2.6576","0","0","25.61200000019744","5.214999999850988","18.1267","True"
"sphincs1","120","1","264560","264998","244208","284","1","0","","0","10.1354","2.2946","2.7647","0","0","22.61199999973178","5.469000000040978","16.7227","True"
"sphincs1","121","1","263256","263694","243440","284","1","0","","0","10.9124","2.3784","2.7642","0","0","23.139000000432134","5.5260000000707805","18.1534","True"
"sphincs1","122","1","266232","266670","246160","284","1","0","","0","11.2298","2.3609","2.7928","0","0","23.32299999985844","5.50400000018999","18.1687","True"
"sphincs1","123","1","265368","265806","245200","284","1","0","","0","11.2632","2.4061","2.7581","0","0","24.106999999843538","5.477999999653548","18.8803","True"
"sphincs1","124","1","265856","266294","245808","284","1","0","","0","10.2587","2.4044","2.87","0","0","22.652000000234693","5.689999999944121","18.2105","True"
"sphincs1","125","1","263880","264318","243440","284","1","0","","0","10.6836","2.2964","2.7729","0","0","24.114999999757856","6.2209999999031425","19.3635","True"
"sphincs1","126","1","264080","264518","244048","284","1","0","","0","10.2501","2.3959","2.8317","0","0","22.597000000067055","5.679999999701977","18.2344","True"
"sphincs1","127","1","266544","266982","245184","284","1","0","","0","10.5949","2.4066","2.7726","0","0","23.549999999813735","5.547999999951571","18.7548","True"
"sphincs1","128","1","264184","264622","243984","284","1","0","","0","10.47","2.3515","2.7795","0","0","23.37099999981001","5.469000000040978","17.5757","True"
"sphincs1","129","1","265664","266102","247504","284","1","0","","0","10.213","2.3997","2.826","0","0","22.62899999972433","5.635000000242144","17.596","True"
"sphincs1","130","1","266528","266966","248416","284","1","0","","0","10.2407","2.4293","2.8182","0","0","22.584999999962747","5.556000000331551","17.9675","True"
"sphincs1","131","1","265968","266406","245616","284","1","0","","0","10.2113","2.4075","2.769","0","0","22.71499999985099","5.505000000353903","16.6987","True"
"sphincs1","132","1","265208","265646","245424","284","1","0","","0","10.2381","2.353","2.7785","0","0","23.089000000152737","5.686999999918044","18.0719","True"
"sphincs1","133","1","263120","263558","241840","284","1","0","","0","10.2457","2.3697","3.3994","0","0","22.709000000264496","6.109000000171363","17.535","True"
"sphincs1","134","1","266712","267150","245312","284","1","0","","0","11.1286","2.3982","2.841","0","0","23.28800000017509","5.632000000216067","18.7402","True"
"sphincs1","135","1","265176","265614","244896","284","1","0","","0","10.8205","2.4211","2.8208","0","0","24.015999999828637","5.785000000149012","18.687","True"
"sphincs1","136","1","264160","264598","244128","284","1","0","","0","10.2732","2.3827","2.7525","0","0","22.56900000013411","5.592999999877065","18.3097","True"
"sphincs1","137","1","264600","265038","243056","284","1","0","","0","10.2471","2.3997","2.7085","0","0","22.501000000163913","5.515999999828637","17.4355","True"
"sphincs1","138","1","265720","266158","247312","284","1","0","","0","10.2564","2.3487","2.8107","0","0","22.513999999966472","5.5009999996982515","17.6004","True"
"sphincs1","139","1","266520","266958","246800","284","1","0","","0","10.1559","2.452","2.8097","0","0","22.390000000130385","5.592999999877065","17.7925","True"
"sphincs1","140","1","265024","265462","246752","284","1","0","","0","10.2053","2.3867","2.729","0","0","22.645000000018626","5.444999999832362","17.9975","True"
"sphincs1","141","1","264096","264534","245856","284","1","0","","0","10.3551","3.2225","2.7536","0","0","22.619999999646097","6.314000000245869","19.1522","True"
"sphincs1","142","1","264544","264982","243344","284","1","0","","0","10.2985","2.3571","2.7551","0","0","22.80599999986589","5.467999999877065","18.2116","True"
"sphincs1","143","1","264448","264886","244336","284","1","0","","0","11.8102","2.4027","2.8179","0","0","23.976999999955297","5.689000000245869","20.0599","True"
"sphincs1","144","1","265304","265742","245200","284","1","0","","0","10.8987","2.3656","2.861","0","0","24.351999999955297","5.554999999701977","17.596","True"
"sphincs1","145","1","265112","265550","246976","284","1","0","","0","10.8277","2.4447","2.8441","0","0","23.22899999981746","5.713999999687076","19.0621","True"
"sphincs1","146","1","265680","266118","245216","284","1","0","","0","10.52","2.3814","2.7857","0","0","22.75900000007823","5.532000000122935","17.9583","True"
"sphincs1","147","1","266192","266630","244496","284","1","0","","0","10.6984","2.3862","2.767","0","0","23.18999999994412","5.524000000208616","18.3197","True"
"sphincs1","148","1","264304","264742","245984","284","1","0","","0","10.3336","2.3444","2.7972","0","0","22.878000000026077","5.493999999947846","18.124","True"
"sphincs1","149","1","264944","265382","244864","284","1","0","","0","10.5494","3.1244","2.8298","0","0","22.813000000081956","6.29300000006333","18.7067","True"
"sphincs1","150","1","266808","267246","245488","284","1","0","","0","10.6597","2.3118","2.694","0","0","25.35399999981746","5.251000000163913","17.9145","True"
"sphincs1","1","1","264624","265062","244640","284","1","0","","0","10.9615","2.4847","2.8339","0","0","31.72400000039488","8.381999999750406","17.282","True"
"sphincs1","2","1","265912","266350","247408","284","1","0","","0","11.3086","2.5036","2.8214","0","0","33.527999999932945","18.25900000007823","19.5657","True"
"sphincs1","3","1","265368","265806","245328","284","1","0","","0","10.459","2.5563","2.844","0","0","30.13299999991432","27.236000000033528","20.9958","True"
"sphincs1","4","1","264760","265198","244784","284","1","0","","0","9.8569","2.4382","3.6003","0","0","28.436000000219792","25.49200000008568","21.8292","True"
"sphincs1","5","1","265528","265966","245472","284","1","0","","0","9.7402","2.4108","2.8133","0","0","29.381999999750406","11.041999999899417","22.5458","True"
"sphincs1","6","1","266392","266830","245040","284","1","0","","0","11.606","2.4657","2.743","0","0","33.47900000028312","11.708999999798834","25.1382","True"
"sphincs1","7","1","266144","266582","244592","284","1","0","","0","11.2518","2.4131","3.7658","0","0","29.628000000026077","13.191000000108033","27.3731","True"
"sphincs1","8","1","265200","265638","243840","0","0","0","Local ingress capacity or pending-wrapper drop","0","0","2.4417","2.3313","0","0","0","9.580000000074506","0","False"
"sphincs1","9","1","266576","267014","245120","284","1","0","","0","12.7377","2.3522","2.6696","0","0","33.6429999996908","10.453999999910593","21.1115","True"
"sphincs1","10","1","265312","265750","243616","284","1","0","","0","9.4284","2.5317","2.8162","0","0","28.6589999999851","26.092000000178814","21.5085","True"
"sphincs1","11","1","267096","267534","247168","284","1","0","","0","9.4712","2.3945","2.7714","0","0","29.679000000003725","18.06099999975413","21.9414","True"
"sphincs1","12","1","265488","265926","245520","284","1","0","","0","11.2959","2.3614","2.7586","0","0","33.122999999672174","17.063000000081956","24.2221","True"
"sphincs1","13","1","264224","264662","242704","284","1","0","","0","11.7477","2.3494","2.8389","0","0","33.20999999996275","11.31000000005588","26.9655","True"
"sphincs1","14","1","265712","266150","244208","0","0","0","Local ingress capacity or pending-wrapper drop","0","0","2.487","2.408","0","0","0","10.356999999843538","0","False"
"sphincs1","15","1","266288","266726","246096","284","1","0","","0","10.7786","3.3712","2.8717","0","0","30.92200000025332","22.075000000186265","18.7256","True"
"sphincs1","16","1","264664","265102","246224","284","1","0","","0","11.728","2.4356","2.7737","0","0","32.20599999977276","24.82799999974668","21.4327","True"
"sphincs1","17","1","264360","264798","242944","284","1","0","","0","10.4992","2.356","2.7955","0","0","29.532999999821186","24.984999999869615","22.8802","True"
"sphincs1","18","1","264592","265030","247408","284","1","0","","0","9.8226","2.3898","2.9168","0","0","29.97800000011921","11.216000000014901","23.6685","True"
"sphincs1","19","1","266136","266574","246192","284","1","0","","0","9.8755","2.3548","2.7357","0","0","25.56400000024587","11.219000000040978","24.5517","True"
"sphincs1","20","1","265752","266190","245840","0","0","0","Local ingress capacity or pending-wrapper drop","0","0","2.3765","2.3401","0","0","0","10.184000000357628","0","False"
"sphincs1","21","1","266360","266798","247984","284","1","0","","0","11.3945","2.4369","2.8741","0","0","33.429000000003725","9.148000000044703","18.8693","True"
"sphincs1","22","1","263392","263830","243008","284","1","0","","0","11.5845","2.4053","3.9228","0","0","31.787000000011176","27.282999999821186","21.4518","True"
"sphincs1","23","1","263896","264334","243824","284","1","0","","0","10.5668","2.4744","2.8408","0","0","29.64699999988079","21.438999999780208","23.042","True"
"sphincs1","24","1","264696","265134","243136","284","1","0","","0","13.2039","2.4189","2.8321","0","0","35.774000000208616","12.062999999616295","27.285","True"
"sphincs1","25","1","265560","265998","245504","284","1","0","","0","11.3082","2.4386","2.7751","0","0","31.26699999999255","10.421999999787658","29.6159","True"
"sphincs1","26","1","265248","265686","245408","0","0","0","Local ingress capacity or pending-wrapper drop","0","0","2.4493","2.3334","0","0","0","10.077000000048429","0","False"
"sphincs1","27","1","265440","265878","245520","284","1","0","","0","10.9805","2.4512","2.812","0","0","29.81000000005588","25.052999999839813","21.5528","True"
"sphincs1","28","1","265360","265798","245088","284","1","0","","0","11.3487","2.3881","2.7786","0","0","34.10000000009313","12.95299999974668","24.7123","True"
"sphincs1","29","1","264848","265286","243456","284","1","0","","0","12.4585","2.3715","2.8195","0","0","32.67999999970198","11.638000000268221","28.1762","True"
"sphincs1","30","1","264600","265038","243184","0","0","0","Local ingress capacity or pending-wrapper drop","0","0","2.5058","3.0732","0","0","0","11.566000000108033","0","False"
"sphincs1","31","1","266648","267086","248416","284","1","0","","0","11.9779","2.5116","2.8719","0","0","31.561000000219792","19.096999999601394","21.1137","True"
"sphincs1","32","1","267640","268078","247568","284","1","0","","0","10.4948","2.5026","3.0441","0","0","28.296000000089407","24.169999999925494","22.5564","True"
"sphincs1","33","1","266416","266854","244992","284","1","0","","0","9.8563","2.3714","2.7554","0","0","30.106000000145286","11.06400000024587","23.3828","True"
"sphincs1","34","1","265528","265966","245376","284","1","0","","0","10.0752","2.4855","2.7435","0","0","28.192000000271946","10.835000000428408","24.4595","True"
"sphincs1","35","1","266744","267182","246720","0","0","0","Local ingress capacity or pending-wrapper drop","0","0","2.3707","2.3976","0","0","0","9.848000000230968","0","False"
"sphincs1","36","1","265656","266094","244368","284","1","0","","0","9.9756","2.3789","2.7109","0","0","27.985000000335276","9.973000000230968","16.1516","True"
"sphincs1","37","1","264440","264878","244560","284","1","0","","0","10.4354","2.4022","2.7092","0","0","30.006999999750406","19.679000000003725","17.5377","True"
"sphincs1","38","1","265552","265990","244304","284","1","0","","0","9.2113","3.448","2.8686","0","0","27.804000000003725","23.540999999735504","17.7323","True"
"sphincs1","39","1","264792","265230","243232","284","1","0","","0","9.9353","2.4225","2.8112","0","0","28.68500000005588","23.402999999932945","18.6423","True"
"sphincs1","40","1","266928","267366","246560","284","1","0","","0","10.5592","2.6099","2.8657","0","0","29.143000000156462","23.390999999828637","20.1563","True"
"sphincs1","41","1","265328","265766","243600","284","1","0","","0","11.2102","2.3912","2.7958","0","0","29.734000000171363","23.459000000264496","22.3371","True"
"sphincs1","42","1","265920","266358","247712","284","1","0","","0","10.0816","2.4498","2.7866","0","0","28.183000000193715","13.483999999705702","23.3862","True"
"sphincs1","43","1","266456","266894","246640","284","1","0","","0","9.7808","2.3746","2.7986","0","0","26.362999999895692","10.898000000044703","24.9858","True"
"sphincs1","44","1","265968","266406","244528","284","1","0","","0","9.8972","2.3464","2.717","0","0","28.815999999642372","10.200999999884516","25.8462","True"
"sphincs1","45","1","265880","266318","246240","0","0","0","Local ingress capacity or pending-wrapper drop","0","0","2.3645","3.2304","0","0","0","10.981999999843538","0","False"
"sphincs1","46","1","265808","266246","244640","284","1","0","","0","8.9725","2.5171","2.8442","0","0","25.664000000339","16.010999999940395","15.8034","True"
"sphincs1","47","1","264600","265038","243280","284","1","0","","0","11.5086","2.473","2.739","0","0","30.26299999980256","17.847999999765307","18.6242","True"
"sphincs1","48","1","264984","265422","246384","284","1","0","","0","10.5604","2.4597","2.8282","0","0","29.558000000193715","22.925000000279397","20.197","True"
"sphincs1","49","1","264960","265398","243488","284","1","0","","0","10.9818","2.4199","3.0277","0","0","32.11100000003353","24.03500000014901","22.1391","True"
"sphincs1","50","1","265720","266158","246016","284","1","0","","0","10.3844","2.4229","2.8223","0","0","31.55099999997765","19.66300000017509","23.4753","True"
"sphincs1","51","1","265272","265710","245232","284","1","0","","0","11.5719","2.4457","2.8117","0","0","32.49500000011176","10.884000000078231","26.04","True"
"sphincs1","52","1","265040","265478","244832","0","0","0","Local ingress capacity or pending-wrapper drop","0","0","2.4017","3.3385","0","0","0","11.770000000018626","0","False"
"sphincs1","53","1","264664","265102","244320","284","1","0","","0","10.5845","2.4014","2.8187","0","0","29.262000000104308","10.94400000013411","17.7247","True"
"sphincs1","54","1","265904","266342","244272","284","1","0","","0","10.6127","2.4592","2.8294","0","0","30.859999999869615","22.175000000279397","19.2711","True"
"sphincs1","55","1","265496","265934","246944","284","1","0","","0","10.3306","2.4672","2.8132","0","0","29.469000000040978","25.083000000100583","20.5392","True"
"sphincs1","56","1","265440","265878","243888","284","1","0","","0","10.3375","2.4483","3.0173","0","0","29.820999999996275","24.18999999994412","21.8126","True"
"sphincs1","57","1","266552","266990","246816","284","1","0","","0","10.3002","2.5615","2.8767","0","0","27.744999999646097","23.546000000089407","23.0541","True"
"sphincs1","58","1","265552","265990","248080","284","1","0","","0","10.4908","2.421","2.7557","0","0","27.932000000029802","10.97399999992922","24.5252","True"
"sphincs1","59","1","266680","267118","245600","284","1","0","","0","11.0517","2.5616","2.901","0","0","30.962999999988824","11.71500000031665","26.5733","True"
"sphincs1","60","1","265680","266118","244656","284","1","0","","0","10.8269","3.0762","2.957","0","0","30.312000000383705","12.06000000005588","28.362","True"
"sphincs1","61","1","263520","263958","243712","0","0","0","Local ingress capacity or pending-wrapper drop","0","0","2.4182","2.295","0","0","0","19.3230000003241","0","False"
"sphincs1","62","1","264688","265126","243072","284","1","0","","0","10.337","2.4203","2.8258","0","0","29.825000000186265","24.277999999932945","19.6708","True"
"sphincs1","63","1","264496","264934","246160","284","1","0","","0","10.3608","2.444","3.6415","0","0","29.407000000122935","25.316000000108033","20.9966","True"
"sphincs1","64","1","265240","265678","245248","284","1","0","","0","12.8603","2.3833","2.8155","0","0","34.68899999978021","14.029000000096858","24.8192","True"
"sphincs1","65","1","264856","265294","245280","284","1","0","","0","11.8399","2.4035","2.6812","0","0","30.33600000012666","10.459999999962747","27.6009","True"
"sphincs1","66","1","267056","267494","246720","0","0","0","Local ingress capacity or pending-wrapper drop","0","0","2.334","2.3057","0","0","0","10.091000000014901","0","False"
"sphincs1","67","1","264696","265134","243296","284","1","0","","0","10.8544","2.3766","2.7598","0","0","31.044999999925494","23.29699999978766","19.4915","True"
"sphincs1","68","1","265008","265446","244560","284","1","0","","0","12.9242","3.567","2.7133","0","0","33.84999999962747","25.91300000017509","23.4305","True"
"sphincs1","69","1","265984","266422","247360","284","1","0","","0","11.5358","2.3695","2.8067","0","0","30.067999999970198","11.112999999895692","26.0046","True"
"sphincs1","70","1","264520","264958","243088","284","1","0","","0","11.0949","2.5382","2.7102","0","0","29.20699999993667","11.312000000383705","28.1135","True"
"sphincs1","71","1","265104","265542","243776","0","0","0","Local ingress capacity or pending-wrapper drop","0","0","2.3055","2.2422","0","0","0","9.519000000320375","0","False"
"sphincs1","72","1","266096","266534","244864","284","1","0","","0","10.3091","2.3962","2.7749","0","0","29.510999999940395","23.893999999854714","19.4622","True"
"sphincs1","73","1","264408","264846","242864","284","1","0","","0","10.7827","2.3661","2.7337","0","0","30.85300000011921","24.085999999661","21.237","True"
"sphincs1","74","1","265016","265454","246464","284","1","0","","0","11.2293","2.3542","2.786","0","0","32.41699999989942","24.345999999903142","23.4755","True"
"sphincs1","75","1","266104","266542","244848","284","1","0","","0","10.1727","2.3568","4.2591","0","0","27.962000000290573","13.256999999750406","24.6312","True"
"sphincs1","76","1","264920","265358","245168","284","1","0","","0","10.2307","2.4725","2.739","0","0","26.99600000027567","10.686999999918044","25.8132","True"
"sphincs1","77","1","266616","267054","245280","0","0","0","Local ingress capacity or pending-wrapper drop","0","0","2.4114","2.3875","0","0","0","9.973000000230968","0","False"
"sphincs1","78","1","266264","266702","247040","284","1","0","","0","11.2788","2.3937","2.7295","0","0","32.4089999999851","10.140000000130385","18.0178","True"
"sphincs1","79","1","265272","265710","246976","0","0","0","Local ingress capacity or pending-wrapper drop","0","0","2.4989","2.7464","0","0","0","24.110000000335276","0","False"
"sphincs1","80","1","264480","264918","246288","0","0","0","Local ingress capacity or pending-wrapper drop","0","0","2.3978","2.3473","0","0","0","5.087999999988824","0","False"
"sphincs1","81","1","265648","266086","245584","0","0","0","Local ingress capacity or pending-wrapper drop","0","0","2.4247","2.3252","0","0","0","4.978999999817461","0","False"
"sphincs1","82","1","267128","267566","247120","0","0","0","Local ingress capacity or pending-wrapper drop","0","0","2.3793","2.3261","0","0","0","5.1049999999813735","0","False"
"sphincs1","83","1","264056","264494","245200","0","0","0","Local ingress capacity or pending-wrapper drop","0","0","2.3999","2.441","0","0","0","5.264999999664724","0","False"
"sphincs1","84","1","264960","265398","244832","0","0","0","Local ingress capacity or pending-wrapper drop","0","0","2.5615","3.3314","0","0","0","6.243999999947846","0","False"
"sphincs1","85","1","265784","266222","247232","0","0","0","Local ingress capacity or pending-wrapper drop","0","0","2.5902","2.4826","0","0","0","5.260999999940395","0","False"
"sphincs1","86","1","263992","264430","245232","0","0","0","Local ingress capacity or pending-wrapper drop","0","0","2.6825","2.5087","0","0","0","5.53499999968335","0","False"
"sphincs1","87","1","264600","265038","244144","0","0","0","Local ingress capacity or pending-wrapper drop","0","0","2.706","2.5428","0","0","0","5.506000000052154","0","False"
"sphincs1","88","1","265136","265574","243984","0","0","0","Local ingress capacity or pending-wrapper drop","0","0","2.6901","2.5284","0","0","0","5.440999999642372","0","False"
"sphincs1","89","1","266384","266822","244960","0","0","0","Local ingress capacity or pending-wrapper drop","0","0","2.6752","2.5868","0","0","0","5.550000000279397","0","False"
"sphincs1","90","1","266488","266926","246656","0","0","0","Local ingress capacity or pending-wrapper drop","0","0","2.7972","2.6067","0","0","0","5.712000000290573","0","False"
"sphincs1","91","1","266008","266446","246256","0","0","0","Local ingress capacity or pending-wrapper drop","0","0","2.8185","2.663","0","0","0","5.7269999999552965","0","False"
"sphincs1","92","1","264912","265350","244704","0","0","0","Local ingress capacity or pending-wrapper drop","0","0","2.8115","2.659","0","0","0","5.748000000137836","0","False"
"sphincs1","93","1","265016","265454","245328","0","0","0","Local ingress capacity or pending-wrapper drop","0","0","2.7936","2.6235","0","0","0","5.708000000100583","0","False"
"sphincs1","94","1","265912","266350","246048","0","0","0","Local ingress capacity or pending-wrapper drop","0","0","2.8077","2.659","0","0","0","5.706000000238419","0","False"
"sphincs1","95","1","264656","265094","244288","0","0","0","Local ingress capacity or pending-wrapper drop","0","0","3.5839","2.6616","0","0","0","6.649999999906868","0","False"
"sphincs1","96","1","265848","266286","247504","0","0","0","Local ingress capacity or pending-wrapper drop","0","0","2.8212","2.6924","0","0","0","5.8220000001601875","0","False"
"sphincs1","97","1","263928","264366","249024","0","0","0","Local ingress capacity or pending-wrapper drop","0","0","2.7562","2.7945","0","0","0","5.7209999999031425","0","False"
"sphincs1","98","1","265432","265870","243904","0","0","0","Local ingress capacity or pending-wrapper drop","0","0","2.8279","2.6515","0","0","0","5.6450000000186265","0","False"
"sphincs1","99","1","266320","266758","246304","284","1","0","","0","15.2721","2.8355","3.3219","0","0","42.29300000006333","6.41800000006333","22.732","True"
"sphincs1","100","1","265392","265830","244960","284","1","0","","0","13.5293","2.6234","3.015","0","0","36.82899999991059","28.192999999970198","27.3167","True"
"sphincs1","101","1","265624","266062","245648","284","1","0","","0","11.9172","2.5228","2.9299","0","0","33.058000000193715","11.259000000078231","30.234","True"
"sphincs1","102","1","266168","266606","249312","0","0","0","Local ingress capacity or pending-wrapper drop","0","0","2.5487","2.3925","0","0","0","19.854000000283122","0","False"
"sphincs1","103","1","265936","266374","244416","284","1","0","","0","12.5095","2.3384","3.8293","0","0","35.98799999989569","27.762000000104308","23.7327","True"
"sphincs1","104","1","265432","265870","247184","284","1","0","","0","13.3475","2.4509","2.8429","0","0","35.30200000014156","20.43999999994412","28.0758","True"
"sphincs1","105","1","265464","265902","244000","0","0","0","Local ingress capacity or pending-wrapper drop","0","0","2.3217","2.299","0","0","0","9.679000000003725","0","False"
"sphincs1","106","1","265144","265582","245088","284","1","0","","0","11.0353","2.4716","2.827","0","0","31.63799999980256","17.449999999720603","20.0882","True"
"sphincs1","107","1","265424","265862","244144","284","1","0","","0","10.7905","2.4057","2.9899","0","0","29.739999999757856","26.153999999631196","21.8718","True"
"sphincs1","108","1","265496","265934","243936","284","1","0","","0","10.1463","2.4252","2.7992","0","0","27.983999999705702","15.779999999795109","22.9941","True"
"sphincs1","109","1","265424","265862","243920","284","1","0","","0","11.7214","2.3605","2.7347","0","0","30.760999999940395","10.779000000096858","25.6747","True"
"sphincs1","110","1","265400","265838","245488","284","1","0","","0","11.0136","2.39","2.7977","0","0","32.21499999985099","11.27100000018254","27.6601","True"
"sphincs1","111","1","265200","265638","243552","0","0","0","Local ingress capacity or pending-wrapper drop","0","0","3.1812","2.2925","0","0","0","11.131000000052154","0","False"
"sphincs1","112","1","265464","265902","245504","284","1","0","","0","11.593","2.4298","2.9525","0","0","32.7269999999553","24.9660000000149","20.2054","True"
"sphincs1","113","1","263712","264150","245152","284","1","0","","0","11.5255","2.4539","2.8964","0","0","31.88400000007823","26.361000000033528","22.6993","True"
"sphincs1","114","1","266008","266446","247312","284","1","0","","0","11.7171","2.478","2.7632","0","0","33.56100000021979","12.273000000044703","25.4023","True"
"sphincs1","115","1","265296","265734","243856","284","1","0","","0","11.1517","2.4659","2.7948","0","0","31.03899999987334","11.226000000257045","27.5012","True"
"sphincs1","116","1","264856","265294","245088","0","0","0","Local ingress capacity or pending-wrapper drop","0","0","2.7793","2.348","0","0","0","10.631000000052154","0","False"
"sphincs1","117","1","263424","263862","243424","284","1","0","","0","11.1695","2.4279","2.7576","0","0","32.842999999877065","22.864000000059605","19.6096","True"
"sphincs1","118","1","266200","266638","247664","284","1","0","","0","11.2472","2.4835","2.8002","0","0","29.82700000004843","28.108999999705702","21.8147","True"
"sphincs1","119","1","263984","264422","243616","284","1","0","","0","10.3393","2.3444","2.7379","0","0","28.851000000257045","13.097999999765307","23.1009","True"
"sphincs1","120","1","264560","264998","244208","284","1","0","","0","10.2354","2.3419","2.9675","0","0","27.893000000156462","12.613999999593943","24.2802","True"
"sphincs1","121","1","263256","263694","243440","284","1","0","","0","10.2004","2.3391","2.7447","0","0","27.513999999966472","10.482000000309199","25.425","True"
"sphincs1","122","1","266232","266670","246160","0","0","0","Local ingress capacity or pending-wrapper drop","0","0","2.4353","2.3257","0","0","0","9.868999999947846","0","False"
"sphincs1","123","1","265368","265806","245200","284","1","0","","0","11.4094","2.4214","2.7992","0","0","30.748999999836087","10.421000000089407","18.2764","True"
"sphincs1","124","1","265856","266294","245808","284","1","0","","0","11.1354","2.4114","2.8726","0","0","31.40099999960512","24.496999999973923","20.4015","True"
"sphincs1","125","1","263880","264318","243440","284","1","0","","0","10.9573","2.4697","2.9451","0","0","30.554000000003725","25.515000000130385","22.3796","True"
"sphincs1","126","1","264080","264518","244048","284","1","0","","0","10.0595","2.3992","4.1267","0","0","27.334999999962747","15.06899999966845","23.3785","True"
"sphincs1","127","1","266544","266982","245184","284","1","0","","0","10.2456","2.4348","2.7938","0","0","29.11699999962002","10.652999999932945","24.5662","True"
"sphincs1","128","1","264184","264622","243984","284","1","0","","0","10.2314","2.4302","2.776","0","0","29.39600000018254","10.966000000014901","25.7445","True"
"sphincs1","129","1","265664","266102","247504","0","0","0","Local ingress capacity or pending-wrapper drop","0","0","2.3926","2.5281","0","0","0","10.152000000234693","0","False"
"sphincs1","130","1","266528","266966","248416","284","1","0","","0","11.8503","2.4586","2.7535","0","0","31.02199999988079","10.75","18.5577","True"
"sphincs1","131","1","265968","266406","245616","284","1","0","","0","11.4225","2.4162","2.6655","0","0","29.655999999959022","22.578999999910593","21.0057","True"
"sphincs1","132","1","265208","265646","245424","284","1","0","","0","11.213","2.3729","2.8126","0","0","31.635999999940395","23.24599999981001","23.2142","True"
"sphincs1","133","1","263120","263558","241840","284","1","0","","0","11.3111","2.335","2.769","0","0","30.018000000156462","10.842999999877065","25.5042","True"
"sphincs1","134","1","266712","267150","245312","284","1","0","","0","10.8587","3.3031","2.7471","0","0","28.93500000005588","12.1980000003241","27.376","True"
"sphincs1","135","1","265176","265614","244896","0","0","0","Local ingress capacity or pending-wrapper drop","0","0","2.4053","2.3157","0","0","0","9.640999999828637","0","False"
"sphincs1","136","1","264160","264598","244128","284","1","0","","0","11.4399","2.4231","2.7414","0","0","31.755999999586493","20.11200000019744","19.8182","True"
"sphincs1","137","1","264600","265038","243056","284","1","0","","0","11.6131","2.4099","2.831","0","0","32.92399999964982","25.364999999757856","22.4686","True"
"sphincs1","138","1","265720","266158","247312","284","1","0","","0","10.0564","2.4066","3.1106","0","0","29.33699999982491","11.824999999720603","23.5583","True"
"sphincs1","139","1","266520","266958","246800","284","1","0","","0","10.5387","2.4287","3.0262","0","0","28.296000000089407","11.203999999910593","26.0296","True"
"sphincs1","140","1","265024","265462","246752","284","1","0","","0","10.2912","2.4203","2.8366","0","0","29.34500000020489","10.460999999660999","27.3571","True"
"sphincs1","141","1","264096","264534","245856","0","0","0","Local ingress capacity or pending-wrapper drop","0","0","2.4069","3.2359","0","0","0","10.700999999884516","0","False"
"sphincs1","142","1","264544","264982","243344","284","1","0","","0","10.4902","2.3679","2.8402","0","0","28.99600000027567","21.9820000003092","18.8393","True"
"sphincs1","143","1","264448","264886","244336","284","1","0","","0","11.3903","2.3882","2.7704","0","0","29.57400000002235","23.414000000339","21.2215","True"
"sphincs1","144","1","265304","265742","245200","284","1","0","","0","10.6673","2.338","2.8135","0","0","29.34499999973923","22.731000000145286","22.8825","True"
"sphincs1","145","1","265112","265550","246976","284","1","0","","0","9.7979","2.3918","2.8452","0","0","28.36200000019744","10.845999999903142","23.6868","True"
"sphincs1","146","1","265680","266118","245216","284","1","0","","0","11.0071","2.4459","2.9152","0","0","29.151999999769032","11.023000000044703","25.784","True"
"sphincs1","147","1","266192","266630","244496","0","0","0","Local ingress capacity or pending-wrapper drop","0","0","2.4233","2.3332","0","0","0","10.148000000044703","0","False"
"sphincs1","148","1","264304","264742","245984","284","1","0","","0","11.4849","2.4912","2.9338","0","0","30.753000000026077","10.972000000067055","18.2969","True"
"sphincs1","149","1","264944","265382","244864","284","1","0","","0","10.5118","3.3865","2.864","0","0","29.498000000137836","23.91000000014901","19.805","True"
"sphincs1","150","1","266808","267246","245488","284","1","0","","0","10.8297","2.4049","2.8552","0","0","30.544000000227243","24.032999999821186","21.656","True"
"sphincs1","151","1","265200","265638","244832","284","1","0","","0","10.2041","2.3559","2.8951","0","0","28.03499999968335","24.114000000059605","22.8696","True"
"sphincs1","152","1","264504","264942","244144","284","1","0","","0","10.2653","2.3938","2.8014","0","0","27.851000000257045","11.035999999847263","24.1866","True"
"sphincs1","153","1","264368","264806","242864","284","1","0","","0","10.267","2.4223","2.7808","0","0","27.705000000074506","11.324000000022352","25.4491","True"
"sphincs1","154","1","265112","265550","249936","0","0","0","Local ingress capacity or pending-wrapper drop","0","0","2.4298","2.4417","0","0","0","10.467999999877065","0","False"
"sphincs1","155","1","265840","266278","245648","284","1","0","","0","10.302","2.4329","2.7806","0","0","28.847999999765307","10.455000000074506","17.079","True"
"sphincs1","156","1","265560","265998","250288","284","1","0","","0","10.5867","2.5051","2.8224","0","0","30.645999999716878","23.11700000008568","18.7028","True"
"sphincs1","157","1","263256","263694","243344","284","1","0","","0","10.2887","3.315","2.8127","0","0","29.12099999981001","25.050000000279397","19.987","True"
"sphincs1","158","1","265784","266222","246144","284","1","0","","0","11.6445","2.4478","2.8233","0","0","32.243999999947846","23.91399999987334","22.6658","True"
"sphincs1","159","1","264880","265318","244256","284","1","0","","0","10.129","2.3471","2.7643","0","0","29.611000000033528","13.660999999847263","23.8195","True"
"sphincs1","160","1","263080","263518","242704","284","1","0","","0","10.0932","2.3968","2.9085","0","0","27.40100000007078","11.592000000178814","24.8992","True"
"sphincs1","161","1","265688","266126","245712","0","0","0","Local ingress capacity or pending-wrapper drop","0","0","2.4464","2.4159","0","0","0","10.037000000011176","0","False"
"sphincs1","162","1","265720","266158","245680","284","1","0","","0","12.3021","2.8516","3.1158","0","0","32.72899999981746","10.859000000171363","19.7457","True"
"sphincs1","163","1","263448","263886","243344","284","1","0","","0","11.8387","2.3653","3.026","0","0","32.54000000003725","25.279000000096858","22.6622","True"
"sphincs1","164","1","266224","266662","244656","284","1","0","","0","10.3887","2.4315","3.8983","0","0","27.533000000286847","25.492999999783933","24.0878","True"
"sphincs1","165","1","265704","266142","244272","284","1","0","","0","9.95","2.3357","2.7315","0","0","27.787000000011176","10.361000000033528","25.1","True"
"sphincs1","166","1","264512","264950","246144","0","0","0","Local ingress capacity or pending-wrapper drop","0","0","2.3606","2.2912","0","0","0","9.652999999932945","0","False"
"sphincs1","167","1","266712","267150","246912","284","1","0","","0","10.6528","2.3844","2.8746","0","0","30.86200000019744","10.594000000040978","17.3306","True"
"sphincs1","168","1","265880","266318","245648","284","1","0","","0","9.9841","2.4738","2.7635","0","0","28.057000000029802","21.00900000007823","18.3262","True"
"sphincs1","169","1","264472","264910","244288","284","1","0","","0","11.3452","2.3927","2.7633","0","0","31.42299999995157","23.373000000137836","20.6331","True"
"sphincs1","170","1","265624","266062","245456","284","1","0","","0","11.4383","2.4115","2.7922","0","0","31.20200000004843","25.02999999979511","23.075","True"
"sphincs1","171","1","265720","266158","247456","284","1","0","","0","11.3885","2.5417","2.8788","0","0","30.645000000018626","11.542999999597669","25.485","True"
"sphincs1","172","1","264848","265286","244464","284","1","0","","0","11.7297","3.0449","2.93","0","0","29.492999999783933","11.803000000305474","28.3065","True"
"sphincs1","173","1","266352","266790","245952","0","0","0","Local ingress capacity or pending-wrapper drop","0","0","2.4226","2.3409","0","0","0","9.533999999985099","0","False"
"sphincs1","174","1","264952","265390","246512","284","1","0","","0","11.9517","2.3891","2.6995","0","0","30.80600000033155","17.588999999687076","21.3419","True"
"sphincs1","175","1","265360","265798","243696","284","1","0","","0","10.1154","2.3418","2.785","0","0","27.138999999966472","23.760999999940395","22.6041","True"
"sphincs1","176","1","264096","264534","242736","284","1","0","","0","11.4584","2.3466","2.7555","0","0","30.716999999713153","10.466000000014901","25.0942","True"
"sphincs1","177","1","264064","264502","243888","284","1","0","","0","10.2634","2.3476","2.7441","0","0","27.765000000130385","10.532999999821186","26.4118","True"
"sphincs1","178","1","266736","267174","246400","0","0","0","Local ingress capacity or pending-wrapper drop","0","0","2.3716","2.2501","0","0","0","9.399000000208616","0","False"
"sphincs1","179","1","265424","265862","244880","0","0","0","Local ingress capacity or pending-wrapper drop","0","0","2.359","2.41","0","0","0","9.76299999980256","0","False"
"sphincs1","180","1","266192","266630","244544","0","0","0","Local ingress capacity or pending-wrapper drop","0","0","2.4674","2.9308","0","0","0","5.576000000350177","0","False"
"sphincs1","181","1","264992","265430","244992","0","0","0","Local ingress capacity or pending-wrapper drop","0","0","2.4488","2.3335","0","0","0","5.209999999962747","0","False"
"sphincs1","182","1","265872","266310","244240","0","0","0","Local ingress capacity or pending-wrapper drop","0","0","2.464","2.2717","0","0","0","4.990999999921769","0","False"
"sphincs1","183","1","264376","264814","246224","0","0","0","Local ingress capacity or pending-wrapper drop","0","0","2.4483","2.3619","0","0","0","5.155999999959022","0","False"
"sphincs1","184","1","264224","264662","244256","0","0","0","Local ingress capacity or pending-wrapper drop","0","0","2.4877","2.3181","0","0","0","5.001999999862164","0","False"
"sphincs1","185","1","265128","265566","243808","0","0","0","Local ingress capacity or pending-wrapper drop","0","0","2.535","2.4364","0","0","0","6.118999999947846","0","False"
"sphincs1","186","1","264608","265046","246464","0","0","0","Local ingress capacity or pending-wrapper drop","0","0","2.59","2.4865","0","0","0","5.399000000208616","0","False"
"sphincs1","187","1","265424","265862","245216","0","0","0","Local ingress capacity or pending-wrapper drop","0","0","2.6764","2.494","0","0","0","5.5009999996982515","0","False"
"sphincs1","188","1","267000","267438","247008","0","0","0","Local ingress capacity or pending-wrapper drop","0","0","2.7197","2.5963","0","0","0","5.753000000026077","0","False"
"sphincs1","189","1","265720","266158","246000","0","0","0","Local ingress capacity or pending-wrapper drop","0","0","2.6694","2.5959","0","0","0","5.484000000171363","0","False"
"sphincs1","190","1","264528","264966","244016","0","0","0","Local ingress capacity or pending-wrapper drop","0","0","2.7662","2.585","0","0","0","5.728000000119209","0","False"
"sphincs1","191","1","265968","266406","245552","0","0","0","Local ingress capacity or pending-wrapper drop","0","0","3.5933","2.6065","0","0","0","6.654999999795109","0","False"
"sphincs1","192","1","266200","266638","247744","0","0","0","Local ingress capacity or pending-wrapper drop","0","0","2.8484","2.6642","0","0","0","5.882999999914318","0","False"
"sphincs1","193","1","265688","266126","245632","0","0","0","Local ingress capacity or pending-wrapper drop","0","0","2.834","2.6537","0","0","0","5.732000000309199","0","False"
"sphincs1","194","1","265080","265518","243712","0","0","0","Local ingress capacity or pending-wrapper drop","0","0","2.7639","2.6332","0","0","0","5.662000000011176","0","False"
"sphincs1","195","1","265048","265486","246784","0","0","0","Local ingress capacity or pending-wrapper drop","0","0","2.7977","2.6637","0","0","0","5.814999999944121","0","False"
"sphincs1","196","1","266992","267430","246480","0","0","0","Local ingress capacity or pending-wrapper drop","0","0","2.8426","2.6874","0","0","0","5.992000000085682","0","False"
"sphincs1","197","1","266744","267182","246752","0","0","0","Local ingress capacity or pending-wrapper drop","0","0","2.7855","2.7278","0","0","0","5.825999999884516","0","False"
"sphincs1","198","1","263640","264078","243392","0","0","0","Local ingress capacity or pending-wrapper drop","0","0","2.7734","2.7093","0","0","0","5.871999999973923","0","False"
"sphincs1","199","1","264080","264518","244080","284","1","0","","0","13.7734","2.7479","3.2943","0","0","37.49299999978393","6.371999999973923","21.6975","True"
"sphincs1","200","1","265144","265582","244976","284","1","0","","0","10.8998","2.7067","4.2617","0","0","32.81500000040978","30.828999999910593","23.6812","True"
"sphincs1","201","1","264096","264534","244240","284","1","0","","0","11.3367","2.5157","3.0415","0","0","32.329000000376254","11.804000000003725","26.1087","True"
"sphincs1","202","1","265944","266382","247344","284","1","0","","0","11.921","2.4462","3.0692","0","0","32.114000000059605","11.470999999903142","29.0787","True"
"sphincs1","203","1","265488","265926","245312","0","0","0","Local ingress capacity or pending-wrapper drop","0","0","2.5406","2.3931","0","0","0","10.433000000193715","0","False"
"sphincs1","204","1","264144","264582","244448","284","1","0","","0","12.1651","2.5391","2.7199","0","0","31.90500000026077","24.12100000027567","22.3872","True"
"sphincs1","205","1","264880","265318","243264","284","1","0","","0","10.9842","2.3916","2.912","0","0","31.381999999750406","19.066000000108033","24.4899","True"
"sphincs1","206","1","264400","264838","244064","284","1","0","","0","9.9492","2.3949","3.1318","0","0","26.907999999821186","11.277999999932945","25.4614","True"
"sphincs1","207","1","264656","265094","244384","0","0","0","Local ingress capacity or pending-wrapper drop","0","0","2.4167","2.322","0","0","0","9.640000000130385","0","False"
"sphincs1","208","1","265880","266318","245776","284","1","0","","0","10.7411","3.2682","2.7267","0","0","30.592000000178814","12.772000000346452","17.9386","True"
"sphincs1","209","1","265488","265926","244272","284","1","0","","0","10.6656","2.3893","2.7621","0","0","31.01699999999255","23.436999999918044","19.6457","True"
"sphincs1","210","1","264280","264718","245856","284","1","0","","0","10.2417","2.3897","3.0206","0","0","28.5339999999851","25.804000000003725","20.9017","True"
"sphincs1","211","1","265040","265478","244768","284","1","0","","0","10.4424","2.4286","2.7807","0","0","29.89600000018254","23.285999999847263","22.3675","True"
"sphincs1","212","1","264784","265222","244400","284","1","0","","0","11.2487","2.3541","2.7445","0","0","32.087999999988824","15.884000000078231","24.6692","True"
"sphincs1","213","1","266128","266566","245680","284","1","0","","0","12.6192","2.4492","2.7897","0","0","34.135999999940395","12.342999999877065","28.3346","True"
"sphincs1","214","1","263960","264398","244128","0","0","0","Local ingress capacity or pending-wrapper drop","0","0","2.3869","2.2826","0","0","0","9.824000000022352","0","False"
"sphincs1","215","1","264472","264910","244272","284","1","0","","0","11.5909","2.4834","3.7199","0","0","32.42100000008941","25.061999999918044","21.0061","True"
"sphincs1","216","1","265880","266318","247504","284","1","0","","0","11.7178","2.4907","3.0095","0","0","33.14999999990687","26.04399999976158","23.769","True"
"sphincs1","217","1","264912","265350","244384","284","1","0","","0","11.9713","2.6147","2.7972","0","0","32.45299999974668","11.083000000100583","26.7582","True"
"sphincs1","218","1","265432","265870","243920","0","0","0","Local ingress capacity or pending-wrapper drop","0","0","2.3176","2.3103","0","0","0","10.214000000152737","0","False"
"sphincs1","219","1","266232","266670","247920","284","1","0","","0","11.0115","2.4707","2.8162","0","0","31.164000000339","17.683999999891967","18.7654","True"
"sphincs1","220","1","263800","264238","245408","284","1","0","","0","11.2637","2.4162","2.83","0","0","30.968999999575317","25.08600000012666","21.0582","True"
"sphincs1","221","1","265368","265806","244960","284","1","0","","0","13.0816","2.472","3.3005","0","0","35.02000000001863","25.287000000011176","25.1681","True"
"sphincs1","222","1","265976","266414","245984","284","1","0","","0","11.7617","2.4252","2.8939","0","0","30.972999999765307","12.282000000122935","27.9873","True"
"sphincs1","223","1","266256","266694","244784","0","0","0","Local ingress capacity or pending-wrapper drop","0","0","2.3038","3.786","0","0","0","11.863999999593943","0","False"
"sphincs1","224","1","265720","266158","245904","284","1","0","","0","11.7577","2.386","2.9239","0","0","31.10399999981746","22.68999999994412","20.7978","True"
"sphincs1","225","1","265232","265670","243600","284","1","0","","0","10.462","2.3917","3.2243","0","0","30.529000000096858","24.94799999985844","22.2988","True"
"sphincs1","226","1","266000","266438","245696","284","1","0","","0","11.0481","2.4554","2.8478","0","0","29.877999999560416","14.902999999932945","24.4287","True"
"sphincs1","227","1","265784","266222","247248","284","1","0","","0","10.4584","2.4576","3.0275","0","0","29.756999999750406","11.5","25.9771","True"
"sphincs1","228","1","265496","265934","243952","0","0","0","Local ingress capacity or pending-wrapper drop","0","0","2.3397","2.2735","0","0","0","9.441999999806285","0","False"
"sphincs1","229","1","265720","266158","244304","284","1","0","","0","10.0647","2.3557","2.9525","0","0","28.776999999769032","11.919999999925494","17.084","True"
"sphincs1","230","1","265976","266414","245888","284","1","0","","0","10.654","2.5303","2.7954","0","0","30.833000000100583","20.70600000023842","18.8072","True"
"sphincs1","231","1","265568","266006","245712","284","1","0","","0","10.1372","3.7878","2.7255","0","0","28.253000000026077","26.016000000294298","19.9857","True"
"sphincs1","232","1","265648","266086","245392","284","1","0","","0","10.5866","2.3304","3.1052","0","0","29.424999999813735","23.905999999959022","21.6198","True"
"sphincs1","233","1","264760","265198","244432","284","1","0","","0","11.2346","2.3583","2.802","0","0","29.972000000067055","11.927000000141561","23.923","True"
"sphincs1","234","1","264512","264950","242864","284","1","0","","0","11.9101","2.431","3.1585","0","0","32.53300000028685","11.938999999780208","26.8659","True"
"sphincs1","235","1","265080","265518","244880","284","1","0","","0","11.0936","2.3686","2.9732","0","0","30.566999999806285","10.854999999981374","29.0409","True"
"sphincs1","236","1","265304","265742","245152","0","0","0","Local ingress capacity or pending-wrapper drop","0","0","2.4505","2.2951","0","0","0","20.554000000003725","0","False"
"sphincs1","237","1","265328","265766","244960","284","1","0","","0","11.1825","2.406","2.82","0","0","31.566999999806285","24.330000000074506","21.3497","True"
"sphincs1","238","1","265552","265990","243792","284","1","0","","0","10.4605","2.461","4.1874","0","0","30.147999999579042","26.609999999869615","22.859","True"
"sphincs1","239","1","266520","266958","246432","284","1","0","","0","11.2378","2.3905","3.0825","0","0","30.17299999995157","11.33199999993667","25.1738","True"
"sphincs1","240","1","264976","265414","244928","284","1","0","","0","10.4767","2.5981","2.7671","0","0","28.98700000019744","11.03899999987334","26.737","True"
"sphincs1","241","1","265080","265518","243472","0","0","0","Local ingress capacity or pending-wrapper drop","0","0","2.3473","2.3618","0","0","0","9.68900000024587","0","False"
"sphincs1","242","1","263160","263598","242864","284","1","0","","0","12.6923","2.3693","2.6878","0","0","32.256000000052154","21.709000000264496","20.4757","True"
"sphincs1","243","1","264624","265062","244432","284","1","0","","0","10.8897","2.3511","3.4537","0","0","29.17299999995157","25.251000000163913","22.4364","True"
"sphincs1","244","1","265432","265870","245424","284","1","0","","0","12.6761","2.3747","2.7973","0","0","32.1999999997206","10.839999999850988","26.1861","True"
"sphincs1","245","1","265912","266350","247632","284","1","0","","0","10.4382","2.3362","2.8507","0","0","29.385999999940395","10.519000000320375","27.7002","True"
"sphincs1","246","1","265144","265582","244992","0","0","0","Local ingress capacity or pending-wrapper drop","0","0","3.9522","2.3337","0","0","0","21.049000000115484","0","False"
"sphincs1","247","1","264296","264734","244288","284","1","0","","0","10.383","2.3844","2.7527","0","0","30.195000000298023","23.58699999982491","19.1303","True"
"sphincs1","248","1","265656","266094","245568","284","1","0","","0","10.597","2.479","3.0498","0","0","28.7320000003092","24.830000000074506","20.7451","True"
"sphincs1","249","1","266128","266566","245536","284","1","0","","0","11.5853","2.4039","2.8119","0","0","30.265000000130385","23.188000000081956","23.3611","True"
"sphincs1","250","1","264976","265414","244992","284","1","0","","0","10.4514","2.4304","2.8399","0","0","27.666999999899417","12.02600000007078","24.8999","True"
"sphincs1","251","1","265240","265678","243744","284","1","0","","0","10.1254","2.3436","2.8033","0","0","28.669999999925494","10.71100000012666","26.0963","True"
"sphincs1","252","1","265184","265622","245408","0","0","0","Local ingress capacity or pending-wrapper drop","0","0","2.3557","2.314","0","0","0","9.490000000223517","0","False"
"sphincs1","253","1","265968","266406","244464","284","1","0","","0","12.3112","2.3892","2.7358","0","0","32.68100000033155","10.442999999970198","19.619","True"
"sphincs1","254","1","264600","265038","244720","284","1","0","","0","10.5513","3.378","2.9616","0","0","29.81499999994412","26.44900000002235","21.2012","True"
"sphincs1","255","1","264984","265422","246752","284","1","0","","0","12.0402","2.4538","2.8018","0","0","33.22799999965355","19.893999999854714","24.2626","True"
"sphincs1","256","1","265272","265710","243856","284","1","0","","0","13.1127","2.5127","2.889","0","0","33.74500000011176","11.93900000024587","28.4345","True"
"sphincs1","257","1","264848","265286","243520","0","0","0","Local ingress capacity or pending-wrapper drop","0","0","2.3194","2.2716","0","0","0","9.554000000003725","0","False"
"sphincs1","258","1","265232","265670","244064","284","1","0","","0","10.5939","2.6138","2.8065","0","0","31.018999999854714","24.33200000040233","20.1067","True"
"sphincs1","259","1","265424","265862","244976","284","1","0","","0","10.0589","2.3763","2.887","0","0","28.02199999988079","25.526999999769032","21.2122","True"
"sphincs1","260","1","264632","265070","243248","284","1","0","","0","10.3116","2.3388","2.7816","0","0","30.625","23.080000000074506","22.5743","True"
"sphincs1","261","1","265968","266406","244224","284","1","0","","0","10.0535","2.3625","3.9911","0","0","29.105999999679625","25.56899999966845","23.711","True"
"sphincs1","262","1","266616","267054","248144","284","1","0","","0","10.2392","2.3903","2.7537","0","0","31.609000000171363","10.445999999996275","25.0148","True"
"sphincs1","263","1","265336","265774","245488","284","1","0","","0","11.2083","2.3602","2.9338","0","0","28.969000000040978","10.833999999798834","27.233","True"
"sphincs1","264","1","263992","264430","243776","0","0","0","Local ingress capacity or pending-wrapper drop","0","0","2.3377","2.2796","0","0","0","9.450000000186265","0","False"
"sphincs1","265","1","265176","265614","247056","284","1","0","","0","10.2213","2.382","2.7461","0","0","28.799999999813735","10.356000000145286","18.471","True"
"sphincs1","266","1","266136","266574","246320","284","1","0","","0","10.7422","2.4056","2.762","0","0","29.075000000186265","23.64199999999255","20.2225","True"
"sphincs1","267","1","265048","265486","246704","284","1","0","","0","10.1579","2.3676","3.3962","0","0","28.97399999992922","24.30599999986589","21.3971","True"
"sphincs1","268","1","265848","266286","246032","284","1","0","","0","11.4827","2.5049","2.8706","0","0","31.669999999925494","11.964000000152737","23.9017","True"
"sphincs1","269","1","265688","266126","245776","284","1","0","","0","10.3889","3.8303","2.8","0","0","29.066999999806285","13.171000000089407","25.316","True"
"sphincs1","270","1","265712","266150","244432","284","1","0","","0","10.3563","2.3922","2.832","0","0","27.390999999828637","10.709999999962747","26.75","True"
"sphincs1","271","1","265528","265966","245536","0","0","0","Local ingress capacity or pending-wrapper drop","0","0","2.3739","2.3042","0","0","0","9.675999999977648","0","False"
"sphincs1","272","1","265736","266174","244240","284","1","0","","0","11.1158","2.3605","2.7435","0","0","30.0519999996759","10.533999999985099","18.864","True"
"sphincs1","273","1","264536","264974","243408","284","1","0","","0","10.3741","2.3595","2.8053","0","0","29.927999999839813","23.97399999992922","20.2494","True"
"sphincs1","274","1","264376","264814","242832","284","1","0","","0","11.6212","2.335","2.9615","0","0","32.58100000023842","25.12999999988824","22.8871","True"
"sphincs1","275","1","264984","265422","245200","284","1","0","","0","11.0852","2.354","2.7835","0","0","31.118999999947846","17.53500000014901","25.0087","True"
"sphincs1","276","1","264880","265318","244288","284","1","0","","0","9.8745","2.4003","3.8511","0","0","26.237999999895692","13.088999999687076","25.909","True"
"sphincs1","277","1","265560","265998","244016","0","0","0","Local ingress capacity or pending-wrapper drop","0","0","2.4291","2.3642","0","0","0","9.467999999877065","0","False"
"sphincs1","278","1","265048","265486","246752","0","0","0","Local ingress capacity or pending-wrapper drop","0","0","2.4389","2.3297","0","0","0","9.876000000163913","0","False"
"sphincs1","279","1","265392","265830","243792","0","0","0","Local ingress capacity or pending-wrapper drop","0","0","2.3726","2.3532","0","0","0","5.101000000257045","0","False"
"sphincs1","280","1","264544","264982","244384","0","0","0","Local ingress capacity or pending-wrapper drop","0","0","2.3701","2.255","0","0","0","8.89199999999255","0","False"
"sphincs1","281","1","265544","265982","245488","0","0","0","Local ingress capacity or pending-wrapper drop","0","0","2.5815","2.4126","0","0","0","5.180000000167638","0","False"
"sphincs1","282","1","265592","266030","244064","0","0","0","Local ingress capacity or pending-wrapper drop","0","0","2.5915","2.385","0","0","0","8.140000000130385","0","False"
"sphincs1","283","1","265552","265990","245248","0","0","0","Local ingress capacity or pending-wrapper drop","0","0","2.4116","2.3788","0","0","0","10.672999999951571","0","False"
"sphincs1","284","1","265400","265838","243952","0","0","0","Local ingress capacity or pending-wrapper drop","0","0","2.3333","2.2323","0","0","0","11.076000000350177","0","False"
"sphincs1","285","1","265232","265670","244528","0","0","0","Local ingress capacity or pending-wrapper drop","0","0","2.3262","2.2361","0","0","0","9.404000000096858","0","False"
"sphincs1","286","1","265400","265838","244128","0","0","0","Local ingress capacity or pending-wrapper drop","0","0","2.3934","3.0568","0","0","0","10.322999999858439","0","False"
"sphincs1","287","1","262744","263182","242672","0","0","0","Local ingress capacity or pending-wrapper drop","0","0","2.4044","2.3002","0","0","0","9.773999999742955","0","False"
"sphincs1","288","1","263648","264086","245296","0","0","0","Local ingress capacity or pending-wrapper drop","0","0","4.9292","2.3218","0","0","0","11.276999999769032","0","False"
"sphincs1","289","1","263600","264038","241840","0","0","0","Local ingress capacity or pending-wrapper drop","0","0","2.404","2.2793","0","0","0","10.203000000212342","0","False"
"sphincs1","290","1","266512","266950","245216","0","0","0","Local ingress capacity or pending-wrapper drop","0","0","2.6","2.3369","0","0","0","8.020000000018626","0","False"
"sphincs1","291","1","264064","264502","245712","0","0","0","Local ingress capacity or pending-wrapper drop","0","0","2.4484","2.3705","0","0","0","8.932000000029802","0","False"
"sphincs1","292","1","266712","267150","246704","0","0","0","Local ingress capacity or pending-wrapper drop","0","0","2.4488","2.3575","0","0","0","9.427000000141561","0","False"
"sphincs1","293","1","266768","267206","246320","0","0","0","Local ingress capacity or pending-wrapper drop","0","0","2.4626","2.3328","0","0","0","8.796000000089407","0","False"
"sphincs1","294","1","265976","266414","244400","0","0","0","Local ingress capacity or pending-wrapper drop","0","0","2.4177","2.3504","0","0","0","9.882999999914318","0","False"
"sphincs1","295","1","266424","266862","246384","0","0","0","Local ingress capacity or pending-wrapper drop","0","0","2.431","2.3229","0","0","0","6.988000000361353","0","False"
"sphincs1","296","1","264208","264646","242400","0","0","0","Local ingress capacity or pending-wrapper drop","0","0","2.4216","4.8417","0","0","0","12.262000000104308","0","False"
"sphincs1","297","1","266128","266566","244656","0","0","0","Local ingress capacity or pending-wrapper drop","0","0","2.9934","2.3429","0","0","0","10.932000000029802","0","False"
"sphincs1","298","1","266160","266598","244672","0","0","0","Local ingress capacity or pending-wrapper drop","0","0","2.4635","2.5757","0","0","0","9.845999999903142","0","False"
"sphincs1","299","1","264464","264902","244128","284","1","0","","0","14.0498","2.469","2.9806","0","0","46.5","12.612999999895692","21.1624","True"
"sphincs1","300","1","266200","266638","246528","284","1","0","","0","12.9897","2.6022","3.0192","0","0","40.22899999981746","35.66300000017509","25.3148","True"
"sphincs4","1","4","276448","278036","268848","1136","4","0","","0","9.6211","2.5795","3.0812","0","0","21.743999999947846","6.126000000163913","16.4286","True"
"sphincs4","2","4","277056","278644","269648","1136","4","0","","0","14.5025","5.2455","5.2779","0","0","33.140000000130385","10.828000000212342","26.7097","True"
"sphincs4","3","4","277504","279092","270544","1136","4","0","","0","19.7369","8.4292","7.2884","0","0","38.79300000006333","16.00900000007823","39.5368","True"
"sphincs4","4","4","277024","278612","269376","1136","4","0","","0","15.6414","5.462","4.5472","0","0","32.72299999976531","10.574999999720603","29.3422","True"
"sphincs4","5","4","278560","280148","272720","1136","4","0","","0","14.544","17.26","6.0125","0","0","30.686000000219792","23.804000000003725","40.1138","True"
"sphincs4","6","4","277568","279156","271920","1136","4","0","","0","19.6975","8.507","7.9959","0","0","42.58199999993667","17.157000000122935","39.6576","True"
"sphincs4","7","4","278624","280212","271296","1136","4","0","","0","12.1636","5.1525","7.1894","0","0","26.084000000264496","13.27100000018254","27.8865","True"
"sphincs4","8","4","277632","279220","270240","1136","4","0","","0","18.9926","9.4472","6.3967","0","0","36.74600000027567","16.23300000000745","38.168","True"
"sphincs4","1","4","276448","278036","268848","1136","4","0","","0","10.8176","2.6794","3.3025","0","0","23.20300000021234","6.190999999642372","18.0994","True"
"sphincs4","2","4","277056","278644","269648","1136","4","0","","0","11.9146","3.8138","7.1838","0","0","25.854999999981374","11.404999999795109","26.4618","True"
"sphincs4","3","4","277504","279092","270544","1136","4","0","","0","16.9032","4.0169","4.4972","0","0","33.7839999999851","8.842000000178814","28.1512","True"
"sphincs4","4","4","277024","278612","269376","1136","4","0","","0","13.4897","2.687","3.4421","0","0","25.532999999821186","6.501000000163913","22.728","True"
"sphincs4","5","4","278560","280148","272720","1136","4","0","","0","14.7302","4.4761","4.8645","0","0","29.955000000074506","9.869000000413507","27.8158","True"
"sphincs4","6","4","277568","279156","271920","1136","4","0","","0","14.8533","4.8018","4.8229","0","0","30.419000000227243","10.179000000003725","27.5727","True"
"sphincs4","7","4","278624","280212","271296","1136","4","0","","0","13.9147","4.488","4.6983","0","0","31.807000000029802","9.997999999672174","25.4789","True"
"sphincs4","8","4","277632","279220","270240","1136","4","0","","0","15.404","4.4165","5.1095","0","0","37.22799999965355","12.899999999906868","28.0974","True"
"sphincs4","9","4","275936","277524","268400","1136","4","0","","0","12.4438","3.4397","5.2972","0","0","27.096000000368804","9.046999999787658","24.8533","True"
"sphincs4","10","4","278208","279796","270048","1136","4","0","","0","14.6025","3.0274","3.5776","0","0","31.058999999891967","6.870000000111759","24.5534","True"
"sphincs4","11","4","277888","279476","270736","1136","4","0","","0","12.4263","4.1057","4.6178","0","0","27.712000000290573","9.08199999993667","23.708","True"
"sphincs4","12","4","277120","278708","271360","1136","4","0","","0","12.5761","2.6442","3.2159","0","0","26.311999999918044","6.174000000115484","21.4808","True"
"sphincs4","13","4","277344","278932","266512","1136","4","0","","0","10.2558","2.6453","3.219","0","0","22.311999999918044","6.25800000037998","19.0823","True"
"sphincs4","14","4","277280","278868","266576","1136","4","0","","0","10.3909","2.5448","3.0084","0","0","23.77599999960512","5.921000000089407","18.81","True"
"sphincs4","15","4","276384","277972","264416","1136","4","0","","0","11.676","3.3717","3.7412","0","0","25.195999999996275","7.614999999757856","21.9545","True"
"sphincs4","16","4","276672","278260","265952","1136","4","0","","0","14.4332","4.0067","13.5393","0","0","28.808999999891967","18.121999999973923","35.4614","True"
"sphincs4","17","4","276512","278100","268768","1136","4","0","","0","13.0627","4.0248","4.7312","0","0","28.998999999836087","9.180000000167638","24.8987","True"
"sphincs4","18","4","277536","279124","266896","1136","4","0","","0","15.94","3.6279","4.1561","0","0","32.48400000017136","8.205000000074506","26.2955","True"
"sphincs4","19","4","277984","279572","272320","1136","4","0","","0","13.8542","3.8965","4.3217","0","0","28.280999999959022","8.604999999981374","25.4351","True"
"sphincs4","20","4","277536","279124","271408","1136","4","0","","0","14.8613","3.9781","4.4978","0","0","29.682000000029802","8.89199999999255","27.3109","True"
"sphincs4","21","4","277600","279188","271584","1136","4","0","","0","16.2964","3.6215","4.3042","0","0","33.79899999964982","8.469000000040978","27.8226","True"
"sphincs4","22","4","277888","279476","267488","1136","4","0","","0","13.4787","3.2214","3.7893","0","0","28.276999999769032","7.370000000111759","22.8973","True"
"sphincs4","23","4","277376","278964","270000","1136","4","0","","0","13.5339","4.0368","3.7577","0","0","29.149999999906868","8.15900000045076","23.8807","True"
"sphincs4","24","4","276896","278484","271360","1136","4","0","","0","12.2905","2.8475","3.3755","0","0","28.063999999780208","6.6450000000186265","20.722","True"
"sphincs4","25","4","278720","280308","271200","1136","4","0","","0","11.8727","4.2143","4.0059","0","0","26.868999999947846","8.59899999992922","22.5896","True"
"sphincs4","26","4","277184","278772","266800","1136","4","0","","0","14.9755","5.1807","5.4814","0","0","31.510999999940395","11.097999999765307","28.9164","True"
"sphincs4","27","4","276600","278188","266144","1136","4","0","","0","13.6526","4.4739","5.0736","0","0","31.040000000037253","10.015999999828637","26.2632","True"
"sphincs4","28","4","277696","279284","271664","1136","4","0","","0","16.5331","4.4886","5.1921","0","0","32.66099999984726","10.260999999940395","29.9769","True"
"sphincs4","29","4","276928","278516","270816","1136","4","0","","0","13.8502","4.4435","5.0375","0","0","29.97399999992922","9.88799999980256","26.5907","True"
"sphincs4","30","4","276544","278132","270736","1136","4","0","","0","15.0084","5.2869","4.7935","0","0","30.104999999981374","10.509999999776483","28.5205","True"
"sphincs4","31","4","277760","279348","267312","1136","4","0","","0","13.362","4.3844","4.6484","0","0","28.54399999976158","9.604000000283122","24.8589","True"
"sphincs4","32","4","277792","279380","271984","1136","4","0","","0","15.3276","4.3733","4.8727","0","0","30.410999999847263","9.813999999780208","26.7718","True"
"sphincs4","33","4","277696","279284","266816","1136","4","0","","0","16.5735","4.286","4.8552","0","0","32.54399999976158","9.54700000025332","29.2447","True"
"sphincs4","34","4","277440","279028","271696","1136","4","0","","0","14.4832","3.9772","4.6344","0","0","30.347000000067055","8.899000000208616","25.2475","True"
"sphincs4","35","4","279136","280724","273280","1136","4","0","","0","14.4781","3.2222","3.788","0","0","29.755000000353903","7.4279999998398125","24.1199","True"
"sphincs4","36","4","278336","279924","267824","1136","4","0","","0","15.2141","2.9924","3.7749","0","0","33.07799999974668","7.0559999998658895","25.5058","True"
"sphincs4","37","4","276640","278228","269248","1136","4","0","","0","13.8189","2.5489","3.0436","0","0","26.911999999545515","5.921000000089407","21.6069","True"
"sphincs4","38","4","276512","278100","271120","1136","4","0","","0","13.6334","3.1167","3.7038","0","0","29.29799999995157","7.086999999824911","23.504","True"
"sphincs4","1","4","276448","278036","268848","1136","4","0","","0","20.3548","2.7679","4.9109","0","0","54.09199999971315","13.678999999538064","29.3824","True"
"sphincs4","2","4","277056","278644","269648","1136","4","0","","0","16.657","2.911","3.1308","0","0","32.01200000010431","6.288000000175089","25.9021","True"
"sphincs4","3","4","277504","279092","270544","1136","4","0","","0","13.4765","2.681","3.1901","0","0","29.304000000003725","6.11200000019744","22.6959","True"
"sphincs4","4","4","277024","278612","269376","1136","4","0","","0","11.949","2.6386","3.1209","0","0","26.20600000023842","5.9739999999292195","20.9415","True"
"sphincs4","5","4","278560","280148","272720","1136","4","0","","0","13.0755","2.6482","3.1754","0","0","27.661000000312924","6.018000000156462","21.9255","True"
"sphincs4","6","4","277568","279156","271920","1136","4","0","","0","16.5017","2.7635","3.4058","0","0","32.47399999992922","6.217000000178814","24.7901","True"
"sphincs4","7","4","278624","280212","271296","1136","4","0","","0","15.5071","2.751","3.3094","0","0","31.682000000029802","6.419000000227243","23.382","True"
"sphincs4","8","4","277632","279220","270240","1136","4","0","","0","21.1485","2.6349","9.0532","0","0","36.35900000017136","11.925999999977648","35.7561","True"
"sphincs4","9","4","275936","277524","268400","1136","4","0","","0","22.1555","2.6279","3.0995","0","0","38.20200000004843","5.865000000223517","30.6102","True"
"sphincs4","10","4","278208","279796","270048","1136","4","0","","0","14.6002","2.683","3.6191","0","0","31.05100000044331","6.716000000014901","23.1861","True"
"sphincs4","11","4","277888","279476","270736","1136","4","0","","0","12.9887","2.8292","3.3461","0","0","27.12599999969825","6.5039999997243285","20.7855","True"
"sphincs4","12","4","277120","278708","271360","1136","4","0","","0","11.3853","2.6662","3.1818","0","0","27.023000000044703","6.235000000335276","19.7361","True"
"sphincs4","13","4","277344","278932","266512","1136","4","0","","0","9.4457","2.6805","3.0964","0","0","22.10800000000745","6.1730000004172325","17.4968","True"
"sphincs4","14","4","277280","278868","266576","1136","4","0","","0","11.8756","2.5513","3.0415","0","0","25.29799999995157","5.918999999761581","19.2485","True"
"sphincs4","15","4","276384","277972","264416","1136","4","0","","0","13.7595","3.3818","3.0977","0","0","30.38799999980256","6.816999999806285","22.7554","True"
"sphincs4","16","4","276672","278260","265952","1136","4","0","","0","15.2643","2.6051","3.101","0","0","31.837999999988824","5.984999999869615","24.0045","True"
"sphincs4","17","4","276512","278100","268768","1136","4","0","","0","14.9168","2.7083","3.3523","0","0","31.049999999813735","6.373999999836087","23.8421","True"
"sphincs4","18","4","277536","279124","266896","1136","4","0","","0","14.4651","2.5677","3.0517","0","0","30.347000000067055","5.86200000019744","23.085","True"
"sphincs4","19","4","277984","279572","272320","1136","4","0","","0","12.8298","2.6702","3.4254","0","0","27.89699999988079","6.3740000003017485","21.5837","True"
"sphincs4","20","4","277536","279124","271408","1136","4","0","","0","13.4556","2.5622","3.2352","0","0","28.42700000014156","6.186000000219792","22.0894","True"
"sphincs4","21","4","277600","279188","271584","1136","4","0","","0","11.6871","2.6632","3.0736","0","0","24.529000000096858","6.248000000137836","19.7937","True"
"sphincs4","22","4","277888","279476","267488","1136","4","0","","0","10.4277","2.5482","3.1842","0","0","23.321999999694526","6.1289999997243285","18.0024","True"
"sphincs4","23","4","277376","278964","270000","1136","4","0","","0","12.0233","2.6348","3.0695","0","0","25.923000000417233","6.061999999918044","20.1717","True"
"sphincs4","24","4","276896","278484","271360","1136","4","0","","0","11.3535","2.6152","3.0721","0","0","24.530999999959022","6.171000000089407","20.1797","True"
"sphincs4","25","4","278720","280308","271200","1136","4","0","","0","11.8335","2.568","3.0264","0","0","27.152000000234693","5.984999999869615","20.4332","True"
"sphincs4","26","4","277184","278772","266800","1136","4","0","","0","11.357","2.5488","3.029","0","0","24.63400000007823","5.9309999998658895","19.0648","True"
"sphincs4","27","4","276600","278188","266144","1136","4","0","","0","11.1716","2.5819","3.064","0","0","24.739999999757856","5.894000000320375","19.635","True"
"sphincs4","28","4","277696","279284","271664","1136","4","0","","0","12.4353","2.5686","3.7378","0","0","25.578999999910593","6.936000000219792","21.283","True"
"sphincs4","29","4","276928","278516","270816","1136","4","0","","0","11.2699","2.5853","3.149","0","0","25.289000000339","6.030999999959022","19.8811","True"
"sphincs4","30","4","276544","278132","270736","1136","4","0","","0","17.1893","3.2191","6.7408","0","0","29.94900000002235","9.461999999824911","29.7003","True"
"sphincs4","31","4","277760","279348","267312","1136","4","0","","0","12.4837","2.62","3.3342","0","0","30.131000000052154","6.20699999993667","21.7226","True"
"sphincs4","32","4","277792","279380","271984","1136","4","0","","0","10.4323","2.7036","3.2038","0","0","22.839000000152737","6.240999999921769","17.9198","True"
"sphincs4","33","4","277696","279284","266816","1136","4","0","","0","11.301","2.9565","3.535","0","0","23.398000000044703","6.816000000108033","20.2517","True"
"sphincs4","34","4","277440","279028","271696","1136","4","0","","0","11.5421","2.888","3.4535","0","0","24.316000000108033","6.644999999552965","20.9653","True"
"sphincs4","35","4","279136","280724","273280","1136","4","0","","0","12.5207","3.9422","3.6199","0","0","25.76699999999255","7.867999999783933","22.5898","True"
"sphincs4","36","4","278336","279924","267824","1136","4","0","","0","11.914","3.2352","3.6512","0","0","28.432000000029802","7.274999999906868","21.8645","True"
"sphincs4","37","4","276640","278228","269248","1136","4","0","","0","11.0703","2.6392","3.1078","0","0","25.580999999772757","6.262000000104308","19.7555","True"
"sphincs4","38","4","276512","278100","271120","1136","4","0","","0","10.3837","2.6037","3.8093","0","0","23.121999999973923","6.998000000137836","19.5398","True"
"sphincs4","39","4","278624","280212","272800","1136","4","0","","0","12.0005","3.1354","3.6547","0","0","26.385999999940395","7.060999999754131","21.8722","True"
"sphincs4","40","4","276672","278260","269232","1136","4","0","","0","11.3979","2.7129","3.2928","0","0","27.080000000074506","6.2299999999813735","20.2287","True"
"sphincs4","41","4","278944","280532","268320","1136","4","0","","0","12.6072","3.3328","3.7453","0","0","26.033000000286847","7.564000000245869","22.6748","True"
"sphincs4","42","4","278304","279892","272864","1136","4","0","","0","12.0057","3.8972","3.8492","0","0","25.658000000286847","8.291999999899417","22.8488","True"
"sphincs4","43","4","277920","279508","267136","1136","4","0","","0","11.7011","3.2687","3.6887","0","0","25.29700000025332","7.463999999687076","21.5733","True"
"sphincs4","44","4","276320","277908","266096","1136","4","0","","0","11.4536","3.1553","3.7064","0","0","24.93999999994412","7.280999999959022","21.267","True"
"sphincs4","45","4","276064","277652","265536","1136","4","0","","0","11.677","3.2282","3.6372","0","0","25.28499999968335","7.202000000048429","21.4101","True"
"sphincs4","46","4","276704","278292","270832","1136","4","0","","0","11.0642","3.2719","3.7155","0","0","24.479999999981374","7.368999999947846","19.8542","True"
"sphincs4","47","4","276320","277908","270096","1136","4","0","","0","11.0167","3.3291","3.7447","0","0","24.403999999631196","7.439999999944121","20.7243","True"
"sphincs4","48","4","277120","278708","271312","1136","4","0","","0","11.2137","3.164","4.4243","0","0","24.475999999791384","7.842000000178814","21.5644","True"
"sphincs4","49","4","278016","279604","267296","1136","4","0","","0","11.5135","3.1379","3.772","0","0","24.82800000021234","7.234999999869615","20.7395","True"
"sphincs4","50","4","278336","279924","272320","1136","4","0","","0","11.2091","3.4304","3.8699","0","0","24.88800000026822","7.847999999765307","21.663","True"
"sphincs4","51","4","278048","279636","267680","1136","4","0","","0","11.7655","3.3533","3.7695","0","0","27.08100000023842","7.498999999836087","21.4298","True"
"sphincs4","52","4","277920","279508","272352","1136","4","0","","0","12.154","2.6474","3.1144","0","0","26.069999999832362","6.080000000074506","20.5369","True"
"sphincs4","53","4","277056","278644","269424","1136","4","0","","0","11.3205","2.7563","3.1647","0","0","23.86599999992177","6.191000000108033","19.5873","True"
"sphincs4","54","4","277472","279060","271680","1136","4","0","","0","12.4958","2.8469","3.0348","0","0","26.26699999999255","6.361999999731779","20.7741","True"
"sphincs4","55","4","277016","278604","271280","1136","4","0","","0","11.105","2.6434","3.729","0","0","24.47800000011921","6.7569999997504056","20.788","True"
"sphincs4","56","4","277152","278740","269488","1136","4","0","","0","13.1681","2.6785","3.2062","0","0","26.53999999957159","6.0290000000968575","20.959","True"
"sphincs4","57","4","277632","279220","266800","1136","4","0","","0","13.9524","2.7871","3.2117","0","0","28.10800000000745","6.314999999944121","22.8105","True"
"sphincs4","58","4","277728","279316","266752","1136","4","0","","0","13.3467","2.7142","2.9473","0","0","28.393000000156462","5.858000000007451","22.0021","True"
"sphincs4","59","4","277952","279540","267216","1136","4","0","","0","18.192","2.6946","2.9544","0","0","31.169000000227243","5.810999999754131","27.3906","True"
"sphincs4","60","4","277856","279444","267120","1136","4","0","","0","15.0331","2.968","3.0924","0","0","29.893999999854714","6.246999999973923","23.6017","True"
"sphincs4","61","4","276704","278292","270704","1136","4","0","","0","16.4596","2.7235","3.2439","0","0","32.3910000002943","6.300999999977648","24.9953","True"
"sphincs4","62","4","276064","277652","270336","1136","4","0","","0","16.6687","3.1046","4.0742","0","0","32.47799999965355","7.353000000119209","27.2613","True"
"sphincs4","63","4","276928","278516","271232","1136","4","0","","0","15.9066","2.6834","3.1549","0","0","32.24500000011176","6.429000000003725","25.058","True"
"sphincs4","64","4","277504","279092","266928","1136","4","0","","0","20.0237","2.7175","3.2586","0","0","34.972000000067055","6.2269999999552965","29.2814","True"
"sphincs4","65","4","277984","279572","270768","1136","4","0","","0","14.8625","2.6702","3.3294","0","0","30.984999999869615","6.263999999966472","24.3721","True"
"sphincs4","66","4","277536","279124","273968","1136","4","0","","0","12.6618","2.6693","3.2215","0","0","27.729999999981374","6.087999999988824","21.0696","True"
"sphincs4","67","4","277888","279476","271824","1136","4","0","","0","11.5287","2.7196","3.2852","0","0","25.645000000018626","6.272999999579042","20.0105","True"
"sphincs4","68","4","278464","280052","267680","1136","4","0","","0","12.2017","2.6842","3.0798","0","0","25.94400000013411","6.2209999999031425","20.5312","True"
"sphincs4","69","4","277312","278900","271312","1136","4","0","","0","13.891","3.2529","3.074","0","0","29.174000000115484","6.600000000093132","22.6633","True"
"sphincs4","70","4","276800","278388","269152","1136","4","0","","0","14.3312","2.6202","3.0435","0","0","29.780999999959022","5.959999999962747","22.8216","True"
"sphincs4","71","4","276768","278356","269392","1136","4","0","","0","13.3344","2.5572","3.0427","0","0","29.166999999899417","5.975999999791384","21.486","True"
"sphincs4","72","4","277616","279204","271584","1136","4","0","","0","11.0259","2.5782","3.0042","0","0","24.756000000052154","5.800000000279397","18.3194","True"
"sphincs4","73","4","278240","279828","272624","1136","4","0","","0","12.676","2.668","3.0118","0","0","26.20300000021234","5.90999999968335","20.3347","True"
"sphincs4","74","4","277968","279556","266048","1136","4","0","","0","10.6736","2.6371","2.9456","0","0","23.294999999925494","5.820999999996275","19.071","True"
"sphincs4","75","4","276992","278580","269424","1136","4","0","","0","11.094","2.6005","3.1803","0","0","26.53500000014901","6.2209999999031425","18.6593","True"
"sphincs16","1","16","296528","302712","293920","4544","16","0","","0","13.8049","2.9293","11.0157","0","0","52.157000000122935","14.21999999973923","29.6","True"
"sphincs16","2","16","295248","301432","292928","4544","16","0","","0","23.7897","8.8157","8.2447","0","0","88.40400000009686","17.67700000014156","46.0992","True"
"sphincs16","1","16","296528","302712","293920","4544","16","0","","0","13.5609","2.9445","3.4172","0","0","52.69100000010803","7.263999999966472","21.6439","True"
"sphincs16","2","16","295248","301432","292928","4544","16","0","","0","18.1541","6.1049","8.3536","0","0","66.52399999974295","16.137000000104308","37.0191","True"
"sphincs16","3","16","296144","302328","293840","4544","16","0","","0","17.7475","6.0474","4.0739","0","0","75.77999999979511","10.337999999988824","31.2814","True"
"sphincs16","4","16","293680","299864","291168","4544","16","0","","0","16.4417","4.8014","3.3747","0","0","58.9269999996759","8.445999999996275","28.223","True"
"sphincs16","5","16","295856","302040","293200","4544","16","0","","0","21.2693","9.8588","8.2036","0","0","79.6359999999404","18.60399999981746","43.0265","True"
"sphincs16","6","16","294256","300440","291936","4544","16","0","","0","16.6305","8.6343","3.6673","0","0","70.95299999974668","13.296000000089407","31.3351","True"
"sphincs16","7","16","294544","300728","291936","4544","16","0","","0","16.764","3.8351","4.3932","0","0","61.70200000004843","8.906999999657273","29.1225","True"
"sphincs16","8","16","293744","299928","291360","4544","16","0","","0","41.2017","8.5107","3.4317","0","0","101.02900000009686","16.1070000003092","57.3402","True"
"sphincs16","9","16","294800","300984","292288","4544","16","0","","0","18.3509","7.7303","4.1455","0","0","72.97200000006706","12.446999999694526","34.2857","True"
"sphincs16","10","16","294032","300216","291824","4544","16","0","","0","25.7855","6.6836","8.5999","0","0","94.91000000014901","16.04300000006333","45.8387","True"
"sphincs16","1","16","296528","302712","293920","4544","16","0","","0","15.7222","2.7733","3.8382","0","0","54.61799999978393","7.0959999999031425","24.2729","True"
"sphincs16","2","16","295248","301432","292928","4544","16","0","","0","19.5912","6.1776","6.0111","0","0","74.69500000029802","14.212000000290573","34.9574","True"
"sphincs16","3","16","296144","302328","293840","4544","16","0","","0","22.0558","7.921","8.2565","0","0","83.03700000001118","17.01699999999255","43.5398","True"
"sphincs16","4","16","293680","299864","291168","4544","16","0","","0","20.611","7.1328","8.1487","0","0","83.20999999996275","15.817000000271946","40.4584","True"
"sphincs16","5","16","295856","302040","293200","4544","16","0","","0","21.1305","10.3132","4.9638","0","0","78.41500000003725","15.699999999720603","41.1324","True"
"sphincs16","6","16","294256","300440","291936","4544","16","0","","0","22.125","5.782","6.9575","0","0","88.21500000031665","13.18099999986589","38.6652","True"
"sphincs16","7","16","294544","300728","291936","4544","16","0","","0","21.0871","8.1836","5.7994","0","0","85.91299999970943","14.613999999593943","39.4761","True"
"sphincs16","8","16","293744","299928","291360","4544","16","0","","0","23.0209","5.717","8.1951","0","0","90.38700000010431","14.453000000212342","40.8899","True"
"sphincs16","9","16","294800","300984","292288","4544","16","0","","0","21.9083","7.7631","7.3323","0","0","83.43399999989197","15.507999999914318","41.828","True"
"sphincs16","10","16","294032","300216","291824","4544","16","0","","0","23.2566","7.4802","8.1278","0","0","83.27499999990687","16.07299999985844","44.0492","True"
"sphincs16","11","16","295344","301528","292640","4544","16","0","","0","23.0074","8.4266","7.1827","0","0","84.75799999991432","15.955000000074506","43.6273","True"
"sphincs16","12","16","295824","302008","293376","4544","16","0","","0","19.3234","5.1428","5.1527","0","0","79.18899999978021","10.736999999731779","34.1646","True"
"sphincs16","13","16","296048","302232","293504","4544","16","0","","0","19.7053","8.3493","4.8914","0","0","84.56100000021979","13.675000000279397","36.897","True"
"sphincs16","14","16","295248","301432","292784","4544","16","0","","0","22.4198","5.6567","7.9774","0","0","89.30800000019372","14.222000000067055","40.6352","True"
"sphincs16","15","16","295056","301240","292416","4544","16","0","","0","17.1182","4.8934","5.3417","0","0","68.90500000026077","10.734999999869615","31.9615","True"
"sphincs16","16","16","294448","300632","291760","4544","16","0","","0","21.5124","7.2435","7.1076","0","0","79.77100000018254","14.813000000081956","40.3246","True"
"sphincs16","17","16","295248","301432","292592","4544","16","0","","0","24.5674","7.6935","7.6129","0","0","84.37100000027567","15.621999999973923","43.7386","True"
"sphincs16","18","16","294192","300376","291632","4544","16","0","","0","18.9567","3.9843","4.7181","0","0","75.18699999991804","8.98700000019744","31.448","True"
"sphincs16","19","16","294224","300408","291824","4544","16","0","","0","20.6435","7.9586","4.7079","0","0","79.87699999986216","13.138000000268221","36.6871","True"
"stark1","1","1","292572","293010","159152","284","1","0","","0","6.0249","1.8623","2.3366","0","0","13.327000000048429","4.568000000435859","11.4604","True"
"stark1","2","1","291340","291778","157568","284","1","0","","0","8.6242","2.8151","3.3722","0","0","17.67700000014156","6.674000000115484","17.8977","True"
"stark1","3","1","291372","291810","157424","284","1","0","","0","10.1797","4.1203","4.3542","0","0","22.2320000003092","8.878000000026077","21.1863","True"
"stark1","4","1","290220","290658","155296","284","1","0","","0","11.1107","4.13","4.6625","0","0","25.398000000044703","9.35800000000745","24.1741","True"
"stark1","5","1","289372","289810","156656","284","1","0","","0","10.316","2.2055","2.8314","0","0","18.132000000216067","5.268999999854714","18.8251","True"
"stark1","6","1","291468","291906","158096","284","1","0","","0","7.1015","3.8543","25.6485","0","0","13.93999999994412","30.645000000018626","40.2387","True"
"stark1","7","1","291068","291506","157520","284","1","0","","0","8.5663","2.0693","2.6495","0","0","14.846999999601394","5.855999999679625","16.6857","True"
"stark1","8","1","292380","292818","158800","284","1","0","","0","9.569","4.7399","4.4055","0","0","18.683999999891967","9.504999999888241","21.55","True"
"stark1","9","1","291308","291746","157904","284","1","0","","0","6.9206","3.6165","3.8785","0","0","14.919000000227243","7.946999999694526","17.2451","True"
"stark1","10","1","290572","291010","156736","284","1","0","","0","11.7725","5.3371","5.5606","0","0","21.37599999969825","11.379999999888241","26.5735","True"
"stark1","11","1","290252","290690","156544","284","1","0","","0","10.694","5.0483","5.3144","0","0","20.217000000178814","10.933999999891967","24.5478","True"
"stark1","12","1","291556","291994","157648","284","1","0","","0","10.9137","4.8315","5.4597","0","0","20.391000000294298","11.00800000037998","25.04","True"
"stark1","13","1","290580","291018","156992","284","1","0","","0","10.7262","3.6089","5.7899","0","0","21.256000000052154","10.024000000208616","24.0491","True"
"stark1","14","1","290940","291378","157264","284","1","0","","0","10.9749","4.786","3.3749","0","0","24.501999999862164","8.502000000327826","22.855","True"
"stark1","15","1","291900","292338","158448","284","1","0","","0","7.0541","1.778","2.2536","0","0","12.429000000003725","4.20699999993667","13.651","True"
"stark1","16","1","290748","291186","157056","284","1","0","","0","8.1469","2.2123","2.8171","0","0","15.325999999884516","5.234000000171363","15.8685","True"
"stark1","17","1","291740","292178","157984","284","1","0","","0","9.1178","2.0825","2.5959","0","0","23.75900000007823","5.311000000219792","16.4124","True"
"stark1","18","1","291772","292210","158080","284","1","0","","0","9.932","1.9855","2.5215","0","0","22.649000000208616","4.709999999962747","17.7295","True"
"stark1","19","1","291164","291602","157440","284","1","0","","0","11.4204","5.1228","5.0973","0","0","19.558999999891967","10.798999999649823","25.6629","True"
"stark1","20","1","291324","291762","157680","284","1","0","","0","11.9136","4.899","5.0343","0","0","21.33100000023842","10.398000000044703","26.4432","True"
"stark1","21","1","290956","291394","157152","284","1","0","","0","11.0596","4.941","7.7135","0","0","20.74500000011176","13.101999999955297","28.1176","True"
"stark1","22","1","292572","293010","158784","284","1","0","","0","12.035","4.6028","4.8775","0","0","21.12999999988824","10.53899999987334","25.0355","True"
"stark1","23","1","291004","291442","157360","284","1","0","","0","11.0189","4.385","4.8003","0","0","20.60300000011921","9.78000000026077","24.2445","True"
"stark1","24","1","291788","292226","158240","284","1","0","","0","9.1301","2.6999","3.0678","0","0","22.087999999988824","6.214000000152737","18.4665","True"
"stark1","25","1","289956","290394","156144","284","1","0","","0","7.7979","2.2872","2.8435","0","0","14.296000000089407","5.367000000085682","15.5572","True"
"stark1","26","1","292588","293026","158960","284","1","0","","0","8.0422","2.3418","2.8364","0","0","18.459999999962747","5.507999999914318","15.4328","True"
"stark1","27","1","291612","292050","158080","284","1","0","","0","8.9692","3.0442","2.8452","0","0","17.30599999986589","6.378000000026077","18.3074","True"
"stark1","28","1","289604","290042","156256","284","1","0","","0","8.774","6.0678","3.2164","0","0","16.24599999981001","10.290000000037253","21.5999","True"
"stark1","29","1","292060","292498","158272","284","1","0","","0","6.1967","2.3778","2.3465","0","0","11.52600000007078","5.081000000238419","14.1937","True"
"stark1","30","1","292460","292898","158656","284","1","0","","0","6.98","1.7644","2.2593","0","0","13.31499999994412","4.341999999713153","13.1602","True"
"stark1","1","1","292572","293010","159152","284","1","0","","0","5.5675","1.9341","2.2002","0","0","12.078999999910593","4.4530000002123415","10.8447","True"
"stark1","2","1","291340","291778","157568","284","1","0","","0","7.3356","1.9191","2.2431","0","0","13.319999999832362","4.619000000413507","13.8143","True"
"stark1","3","1","291372","291810","157424","284","1","0","","0","6.5605","1.8375","2.2985","0","0","11.847000000067055","4.368999999947846","13.2158","True"
"stark1","4","1","290220","290658","155296","284","1","0","","0","5.7653","1.9102","2.1943","0","0","10.976999999955297","4.2569999997504056","12.5367","True"
"stark1","5","1","289372","289810","156656","284","1","0","","0","6.0037","1.9268","2.2851","0","0","14.08199999993667","4.6180000002495944","13.077","True"
"stark1","6","1","291468","291906","158096","284","1","0","","0","6.2148","1.9761","2.3009","0","0","11.842999999877065","4.496999999973923","13.5847","True"
"stark1","7","1","291068","291506","157520","284","1","0","","0","6.0853","3.3882","2.2147","0","0","12.501999999862164","5.9040000000968575","14.1542","True"
"stark1","8","1","292380","292818","158800","284","1","0","","0","6.0203","2.0345","2.2276","0","0","11.66800000006333","4.506000000052154","13.3542","True"
"stark1","9","1","291308","291746","157904","284","1","0","","0","5.9439","1.9342","2.2645","0","0","11.643000000156462","4.459000000264496","12.5479","True"
"stark1","10","1","290572","291010","156736","284","1","0","","0","6.1178","2.0457","2.3402","0","0","11.851999999955297","4.699999999720603","13.1216","True"
"stark1","11","1","290252","290690","156544","284","1","0","","0","6.183","1.9683","2.3362","0","0","14.77600000007078","4.529999999795109","13.524","True"
"stark1","12","1","291556","291994","157648","284","1","0","","0","5.9293","2.0375","2.32","0","0","11.788000000175089","4.623000000137836","12.7044","True"
"stark1","13","1","290580","291018","156992","284","1","0","","0","6.3616","2.1067","2.2912","0","0","12.10300000011921","4.725000000093132","13.5387","True"
"stark1","14","1","290940","291378","157264","284","1","0","","0","6.1824","2.1315","8.1075","0","0","12.05599999986589","10.471000000368804","19.6782","True"
"stark1","15","1","291900","292338","158448","284","1","0","","0","7.4206","1.9172","2.4106","0","0","16.317999999970198","4.995000000111759","14.0132","True"
"stark1","16","1","290748","291186","157056","284","1","0","","0","5.9773","1.7582","2.2367","0","0","11.507000000216067","4.424000000115484","12.5975","True"
"stark1","17","1","291740","292178","157984","284","1","0","","0","8.3825","1.8934","2.1987","0","0","18.813000000081956","4.325999999884516","15.157","True"
"stark1","18","1","291772","292210","158080","284","1","0","","0","7.9522","1.9203","2.395","0","0","18.692999999970198","4.493999999947846","14.1035","True"
"stark1","19","1","291164","291602","157440","284","1","0","","0","7.5155","1.9613","2.3245","0","0","17.864999999757856","4.588999999687076","13.233","True"
"stark1","20","1","291324","291762","157680","284","1","0","","0","8.0525","1.9289","2.3551","0","0","18","4.501000000163913","14.8684","True"
"stark1","21","1","290956","291394","157152","284","1","0","","0","7.4419","1.8567","2.3338","0","0","17.097000000067055","5.71100000012666","14.4717","True"
"stark1","22","1","292572","293010","158784","284","1","0","","0","6.9938","2.4097","2.0903","0","0","14.367999999783933","4.674000000115484","13.8201","True"
"stark1","23","1","291004","291442","157360","284","1","0","","0","6.9312","1.8194","2.1632","0","0","14.194999999832362","4.3029999998398125","12.5637","True"
"stark1","24","1","291788","292226","158240","284","1","0","","0","6.8125","2.1231","2.2862","0","0","12.800000000279397","4.989000000059605","13.9396","True"
"stark1","25","1","289956","290394","156144","284","1","0","","0","7.4195","1.9442","2.2538","0","0","13.371000000275671","4.682000000029802","14.7994","True"
"stark1","26","1","292588","293026","158960","284","1","0","","0","6.1252","1.8928","2.2306","0","0","11.708999999798834","4.342999999877065","12.6367","True"
"stark1","27","1","291612","292050","158080","284","1","0","","0","6.8942","1.9425","2.4103","0","0","15.187999999616295","4.566000000108033","13.8312","True"
"stark1","28","1","289604","290042","156256","284","1","0","","0","6.4897","1.9786","2.2635","0","0","14.496000000275671","4.469000000040978","13.7061","True"
"stark1","29","1","292060","292498","158272","284","1","0","","0","6.7013","1.8457","2.743","0","0","17.13299999991432","4.873000000137836","13.4482","True"
"stark1","30","1","292460","292898","158656","284","1","0","","0","5.979","1.733","2.0679","0","0","13.770000000018626","4.150000000372529","12.564","True"
"stark1","31","1","290604","291042","156752","284","1","0","","0","5.74","1.7318","2.0211","0","0","11.442000000271946","4.009999999776483","12.1262","True"
"stark1","32","1","290380","290818","157040","284","1","0","","0","6.6251","1.755","2.0582","0","0","12.382999999914318","4.055000000167638","12.9289","True"
"stark1","33","1","291500","291938","157712","284","1","0","","0","6.1666","1.8537","2.2009","0","0","11.699000000022352","4.24599999981001","11.8365","True"
"stark1","34","1","290860","291298","157056","284","1","0","","0","7.4218","2.0615","2.4903","0","0","14.702000000048429","4.919999999925494","14.8235","True"
"stark1","35","1","291420","291858","157792","284","1","0","","0","6.0323","2.0176","2.2848","0","0","11.924000000115484","4.489000000059605","11.8666","True"
"stark1","36","1","289580","290018","156224","284","1","0","","0","6.8504","1.9095","2.3378","0","0","17.97399999992922","4.476000000257045","13.972","True"
"stark1","37","1","290700","291138","156912","284","1","0","","0","6.1571","2.6767","2.096","0","0","12.786000000312924","5.035000000149012","14.0605","True"
"stark1","38","1","292156","292594","157104","284","1","0","","0","6.215","1.9985","2.3006","0","0","12.155999999959022","4.686999999918044","13.4767","True"
"stark1","39","1","291676","292114","158080","284","1","0","","0","6.0296","2.0117","2.3978","0","0","12.200999999884516","4.6019999999552965","12.779","True"
"stark1","40","1","290892","291330","156800","284","1","0","","0","6.3074","2.0351","2.2963","0","0","12.684000000357628","4.584000000264496","13.2906","True"
"stark1","41","1","292444","292882","158688","284","1","0","","0","6.3733","2.075","2.4225","0","0","13.06499999994412","4.822999999858439","13.906","True"
"stark1","42","1","290524","290962","157504","284","1","0","","0","6.2662","1.9648","2.265","0","0","13.062000000383705","4.510000000242144","13.112","True"
"stark1","43","1","291196","291634","157520","284","1","0","","0","8.089","2.1102","2.3515","0","0","15.206000000238419","4.828999999910593","15.3983","True"
"stark1","44","1","291852","292290","157840","284","1","0","","0","6.8982","1.9706","3.0158","0","0","13.02100000018254","5.1940000001341105","14.2778","True"
"stark1","45","1","291036","291474","157136","284","1","0","","0","6.093","1.9341","2.1628","0","0","11.96100000012666","4.356000000145286","12.5255","True"
"stark1","46","1","292284","292722","158320","284","1","0","","0","6.2824","2.0246","2.4545","0","0","11.72899999981746","4.771000000182539","13.2679","True"
"stark1","47","1","291772","292210","158160","284","1","0","","0","5.9192","1.9545","2.3157","0","0","12.091000000014901","4.478999999817461","13.2267","True"
"stark1","48","1","290924","291362","156816","284","1","0","","0","6.1439","2.0322","2.3407","0","0","13.430000000167638","4.609000000171363","12.8313","True"
"stark1","49","1","291884","292322","157888","284","1","0","","0","6.6815","1.9875","2.2796","0","0","14.259999999776483","4.637000000104308","12.7015","True"
"stark1","50","1","291716","292154","157120","284","1","0","","0","6.3335","1.9261","2.307","0","0","13.887000000104308","4.450999999884516","12.3926","True"
"stark1","51","1","291372","291810","157824","284","1","0","","0","6.3986","2.0831","2.36","0","0","12.892999999690801","4.769000000320375","13.9497","True"
"stark1","52","1","291140","291578","157328","284","1","0","","0","6.0336","2.7212","2.3088","0","0","11.527999999932945","5.218000000342727","13.6525","True"
"stark1","53","1","291964","292402","157312","284","1","0","","0","6.2045","2.0056","2.4232","0","0","11.612999999895692","4.617999999783933","13.2891","True"
"stark1","54","1","291020","291458","157648","284","1","0","","0","6.4013","2.1152","2.3757","0","0","12.59899999992922","4.748999999836087","13.9735","True"
"stark1","55","1","289468","289906","156288","284","1","0","","0","6.1338","1.9687","2.3284","0","0","12.242000000085682","4.489999999757856","13.0447","True"
"stark1","56","1","291516","291954","156080","284","1","0","","0","6.2508","1.9636","2.2392","0","0","12.472000000067055","4.463000000454485","13.443","True"
"stark1","57","1","290956","291394","157104","284","1","0","","0","6.7059","2.0659","2.3456","0","0","12.225000000093132","4.8280000002123415","13.421","True"
"stark1","58","1","293196","293634","159120","284","1","0","","0","6.4733","2.0983","2.3034","0","0","13.28899999987334","4.623999999836087","12.7557","True"
"stark1","59","1","290156","290594","157376","284","1","0","","0","7.2695","2.0105","2.3938","0","0","13.490000000223517","4.679000000003725","14.709","True"
"stark1","60","1","291524","291962","157984","284","1","0","","0","6.2017","2.0409","2.4647","0","0","12.02600000007078","4.782000000122935","12.8971","True"
"stark1","61","1","292060","292498","158080","284","1","0","","0","6.8695","1.982","2.2863","0","0","14.976999999955297","4.5","13.8472","True"
"stark1","62","1","291644","292082","157840","284","1","0","","0","6.4802","2.0557","2.3237","0","0","12.174000000115484","4.660999999847263","13.9132","True"
"stark1","63","1","291788","292226","157808","284","1","0","","0","6.645","2.0227","2.2762","0","0","14.078000000212342","4.5069999997504056","13.4411","True"
"stark1","64","1","291580","292018","156976","284","1","0","","0","6.2713","1.9407","2.3082","0","0","13.584000000264496","4.492999999783933","13.3762","True"
"stark1","65","1","290908","291346","156368","284","1","0","","0","7.0619","2.0035","2.4132","0","0","13.43599999975413","4.7760000000707805","14.6217","True"
"stark1","66","1","291708","292146","158176","284","1","0","","0","5.895","1.9906","2.4445","0","0","11.996999999973923","4.669999999925494","12.9346","True"
"stark1","67","1","292012","292450","158032","284","1","0","","0","7.241","2.8092","2.3676","0","0","15.898000000044703","5.891999999992549","15.1311","True"
"stark1","68","1","291340","291778","157776","284","1","0","","0","6.3431","1.9455","2.2941","0","0","13.373999999836087","4.495000000111759","13.487","True"
"stark1","69","1","290940","291378","157424","284","1","0","","0","6.5622","1.964","2.3552","0","0","13.154999999795109","4.657999999821186","14.0944","True"
"stark1","70","1","292012","292450","156368","284","1","0","","0","6.402","1.9677","2.3824","0","0","13.020000000018626","4.7019999995827675","13.2762","True"
"stark1","71","1","292092","292530","158464","284","1","0","","0","6.2208","1.988","2.389","0","0","13.058999999891967","4.593000000342727","13.5345","True"
"stark1","72","1","292460","292898","158704","284","1","0","","0","6.4214","2.0157","2.485","0","0","13.419000000227243","5.734999999869615","13.3088","True"
"stark1","73","1","292716","293154","158720","284","1","0","","0","6.0717","1.9543","2.3301","0","0","12.431999999564141","4.507000000216067","13.2104","True"
"stark1","74","1","291660","292098","156816","284","1","0","","0","6.251","2.0559","2.3295","0","0","13.867000000085682","4.819999999832362","14.5267","True"
"stark1","75","1","292812","293250","158816","284","1","0","","0","6.7021","1.9685","2.2974","0","0","12.957999999634922","4.470000000204891","14.1732","True"
"stark1","76","1","291980","292418","158272","284","1","0","","0","7.7275","2.0043","2.333","0","0","14.063000000081956","4.599999999627471","14.6372","True"
"stark1","77","1","293100","293538","159200","284","1","0","","0","6.2182","1.9485","2.3161","0","0","12.30599999986589","4.626999999862164","13.3783","True"
"stark1","78","1","293068","293506","158256","284","1","0","","0","7.491","1.9442","2.3382","0","0","18.938000000081956","4.541000000201166","14.9678","True"
"stark1","79","1","291044","291482","157472","284","1","0","","0","6.4588","1.8412","2.139","0","0","18.885999999940395","4.253000000026077","12.8182","True"
"stark1","80","1","291212","291650","156640","284","1","0","","0","7.2704","1.7996","2.0342","0","0","19.756000000052154","4.026999999769032","13.4865","True"
"stark1","81","1","292060","292498","158704","284","1","0","","0","5.867","1.7706","2.1009","0","0","12.248999999836087","4.2460000002756715","10.972","True"
"stark1","82","1","291292","291730","157472","284","1","0","","0","6.4056","1.9445","2.808","0","0","11.8019999996759","4.994999999646097","13.3758","True"
"stark1","83","1","289172","289610","155328","284","1","0","","0","6.6037","1.9363","2.2456","0","0","12.040000000037253","4.342999999877065","13.8228","True"
"stark1","84","1","291580","292018","157904","284","1","0","","0","6.9015","1.9385","2.3006","0","0","14.046000000089407","4.450999999884516","13.4725","True"
"stark1","85","1","290940","291378","157280","284","1","0","","0","6.3582","2.0306","2.2997","0","0","11.777000000234693","4.609999999869615","13.0332","True"
"stark1","86","1","291396","291834","157648","284","1","0","","0","6.1542","1.9673","2.2474","0","0","12.23300000000745","4.63300000037998","13.0945","True"
"stark1","87","1","291812","292250","157904","284","1","0","","0","6.2914","1.9731","2.3394","0","0","11.800999999977648","4.5989999999292195","13.5545","True"
"stark1","88","1","291252","291690","157552","284","1","0","","0","6.3786","2.0414","2.3028","0","0","13.270000000018626","4.50800000037998","12.5808","True"
"stark1","89","1","292044","292482","158320","284","1","0","","0","9.3351","2.0652","2.3706","0","0","16.927999999839813","4.817999999970198","16.107","True"
"stark1","90","1","292332","292770","158496","284","1","0","","0","6.4065","2.8372","2.3571","0","0","12.437999999616295","5.425999999977648","14.339","True"
"stark1","91","1","291244","291682","156736","284","1","0","","0","6.4085","2.0442","2.3312","0","0","12.23700000019744","4.839999999850988","13.7313","True"
"stark1","92","1","291908","292346","156464","284","1","0","","0","5.7177","2.0202","2.2675","0","0","11.546000000089407","4.50400000018999","12.3757","True"
"stark1","93","1","291692","292130","157936","284","1","0","","0","6.9374","2.0369","2.3171","0","0","15.374000000301749","4.572999999858439","14.0198","True"
"stark1","94","1","291244","291682","158096","284","1","0","","0","6.051","2.0541","2.3221","0","0","11.619000000413507","4.7539999997243285","13.6016","True"
"stark1","95","1","290292","290730","156544","284","1","0","","0","7.0992","1.992","2.4301","0","0","13.550999999977648","4.669999999925494","14.0622","True"
"stark1","96","1","292268","292706","158480","284","1","0","","0","5.8931","2.1258","2.6449","0","0","12.763999999966472","5.057000000029802","13.7026","True"
"stark1","97","1","290924","291362","156672","284","1","0","","0","6.9567","2.1303","3.2878","0","0","13.124000000301749","5.775000000372529","15.3268","True"
"stark1","98","1","292364","292802","158736","284","1","0","","0","6.8792","2.0628","2.3205","0","0","13.285000000149012","4.54700000025332","13.6359","True"
"stark1","99","1","290876","291314","155888","284","1","0","","0","6.4697","2.0574","2.4402","0","0","12.637000000104308","4.716000000014901","12.7985","True"
"stark1","100","1","291436","291874","157840","284","1","0","","0","6.6677","2.0402","2.3393","0","0","13.967999999877065","4.674000000115484","13.2755","True"
"stark1","101","1","291172","291610","157312","284","1","0","","0","6.6209","2.0582","2.267","0","0","14.151999999769032","4.5290000000968575","13.6225","True"
"stark1","102","1","291852","292290","158192","284","1","0","","0","6.4861","2.099","2.3132","0","0","14.30599999986589","4.594000000040978","12.8534","True"
"stark1","103","1","291196","291634","157696","284","1","0","","0","7.2908","2.0741","2.2478","0","0","15.004999999888241","4.509000000078231","14.0128","True"
"stark1","104","1","291164","291602","157664","284","1","0","","0","5.5878","2.0415","2.3309","0","0","11.282000000122935","4.580000000074506","12.719","True"
"stark1","105","1","292956","293394","158672","284","1","0","","0","6.0781","2.8687","2.3487","0","0","12.31099999975413","5.392999999690801","14.4743","True"
"stark1","106","1","291948","292386","157312","284","1","0","","0","5.4628","2.0611","2.359","0","0","10.996999999973923","4.685000000055879","12.2864","True"
"stark1","107","1","293020","293458","159264","284","1","0","","0","5.8582","2.0566","2.332","0","0","11.614000000059605","4.66800000006333","13.141","True"
"stark1","108","1","291516","291954","158048","284","1","0","","0","6.6262","2.0823","2.423","0","0","13.523999999742955","5.268999999854714","12.9113","True"
"stark1","109","1","291404","291842","157504","284","1","0","","0","7.2405","2.0004","2.2923","0","0","14.297999999951571","4.567999999970198","13.9263","True"
"stark1","110","1","291324","291762","157776","284","1","0","","0","6.3692","2.0502","2.2766","0","0","12.898000000044703","4.563000000081956","13.4411","True"
"stark1","111","1","290684","291122","156912","284","1","0","","0","6.2555","1.9383","2.2923","0","0","13.009999999776483","4.4200000003911555","13.5625","True"
"stark1","112","1","291356","291794","157664","284","1","0","","0","5.7225","2.0555","3.1787","0","0","12.126999999862164","5.464999999850988","13.3468","True"
"stark1","113","1","290212","290650","156944","284","1","0","","0","6.0637","1.9774","2.2717","0","0","11.711999999824911","4.466000000014901","12.8842","True"
"stark1","114","1","291292","291730","157888","284","1","0","","0","8.4422","2.054","2.3213","0","0","19.259999999776483","4.541999999899417","15.795","True"
"stark1","115","1","290588","291026","157152","284","1","0","","0","7.7614","1.8832","2.2592","0","0","16.161000000312924","4.4010000000707805","14.243","True"
"stark1","116","1","291980","292418","157296","284","1","0","","0","7.6477","1.8967","2.3997","0","0","18.364000000059605","4.611999999731779","14.4588","True"
"stark1","117","1","292396","292834","157072","284","1","0","","0","7.3577","1.852","2.1252","0","0","17.52999999979511","4.158999999985099","14.2236","True"
"stark1","118","1","291244","291682","157584","284","1","0","","0","8.3674","1.8826","2.1857","0","0","18.419000000227243","5.12099999981001","15.4036","True"
"stark1","119","1","291964","292402","158432","284","1","0","","0","7.5884","1.7773","2.3401","0","0","17.91300000017509","4.310999999754131","14.6505","True"
"stark1","120","1","291756","292194","157936","284","1","0","","0","5.641","2.783","2.3797","0","0","12.226999999955297","5.405999999959022","14.0998","True"
"stark1","121","1","290580","291018","156880","284","1","0","","0","7.649","1.9453","2.2769","0","0","16.92700000014156","4.450999999884516","14.2414","True"
"stark1","122","1","290644","291082","156864","284","1","0","","0","7.1497","1.9021","2.2131","0","0","17.989999999757856","4.307000000029802","13.9107","True"
"stark1","123","1","290636","291074","157056","284","1","0","","0","7.3475","2.0331","2.3747","0","0","16.17199999978766","4.584999999962747","14.5903","True"
"stark1","124","1","290716","291154","157200","284","1","0","","0","8.2356","1.8158","2.1672","0","0","18.308999999891967","4.341000000014901","14.5087","True"
"stark1","125","1","291980","292418","156624","284","1","0","","0","8.5986","2.029","2.311","0","0","19.013999999966472","4.486999999731779","15.3133","True"
"stark1","126","1","291092","291530","157328","284","1","0","","0","7.2825","1.8547","2.293","0","0","12.876000000163913","4.3280000002123415","14.2235","True"
"stark1","127","1","291148","291586","156352","284","1","0","","0","6.5245","1.8497","3.0566","0","0","13.019000000320375","5.021000000182539","14.4108","True"
"stark1","128","1","292268","292706","158496","284","1","0","","0","7.4473","1.7585","2.1888","0","0","16.554999999701977","4.158999999985099","14.3325","True"
"stark1","129","1","291092","291530","157280","284","1","0","","0","5.8979","3.5232","2.0918","0","0","13.742999999783933","4.915999999735504","14.4491","True"
"stark1","130","1","291244","291682","156512","284","1","0","","0","7.0693","1.8105","2.137","0","0","16.071000000461936","4.308999999891967","13.6126","True"
"stark1","131","1","291828","292266","158048","284","1","0","","0","7.0573","1.8657","2.2954","0","0","12.052999999839813","4.546000000089407","13.4479","True"
"stark1","132","1","290428","290866","156896","284","1","0","","0","6.1366","1.8214","2.0863","0","0","12.212000000290573","4.253000000026077","12.5046","True"
"stark1","133","1","290180","290618","156608","284","1","0","","0","6.5885","1.8153","2.079","0","0","12.501000000163913","4.1749999998137355","12.8864","True"
"stark1","134","1","290204","290642","157088","284","1","0","","0","7.5467","1.8075","2.195","0","0","17.796000000089407","4.379999999888241","13.647","True"
"stark1","135","1","290932","291370","157280","284","1","0","","0","6.7221","2.4416","2.2823","0","0","11.96999999973923","4.953999999910593","14.666","True"
"stark1","136","1","291004","291442","156528","284","1","0","","0","6.0461","1.7326","2.0385","0","0","11.058999999891967","4.058000000193715","12.7071","True"
"stark1","137","1","290268","290706","156576","284","1","0","","0","5.1891","1.7904","2.1248","0","0","11.045999999623746","4.251000000163913","11.8167","True"
"stark1","138","1","289756","290194","156080","284","1","0","","0","6.4142","1.973","2.1808","0","0","12.445999999996275","4.311999999918044","13.3012","True"
"stark1","139","1","291076","291514","156432","284","1","0","","0","7.0581","1.9574","2.233","0","0","15.47899999981746","4.53400000045076","14.1531","True"
"stark1","140","1","292716","293154","158992","284","1","0","","0","6.4069","1.9872","2.3215","0","0","12.243000000249594","4.657000000122935","13.0139","True"
"stark1","141","1","290844","291282","157472","284","1","0","","0","6.6842","2.0303","2.2294","0","0","14.6980000003241","4.587000000290573","12.2065","True"
"stark1","142","1","292716","293154","158560","284","1","0","","0","7.2891","2.0637","2.9098","0","0","15.311000000219792","5.333999999798834","15.0145","True"
"stark1","143","1","292420","292858","158528","284","1","0","","0","6.8125","2.0225","2.2483","0","0","14.032999999821186","4.504999999888241","13.7809","True"
"stark1","144","1","292364","292802","158624","284","1","0","","0","5.6315","2.0527","2.3206","0","0","11.81499999994412","4.652999999932945","12.9906","True"
"stark1","145","1","290796","291234","157408","284","1","0","","0","6.6143","1.9772","2.3717","0","0","12.97399999992922","4.595000000204891","13.3739","True"
"stark1","146","1","289812","290250","156176","284","1","0","","0","6.0687","2.0337","2.3079","0","0","12.06900000013411","4.569999999832362","13.2062","True"
"stark1","147","1","293004","293442","158960","284","1","0","","0","6.8761","2.0895","2.3462","0","0","14.908999999985099","4.642999999690801","14.5835","True"
"stark1","148","1","291532","291970","157632","284","1","0","","0","5.6978","1.9454","2.278","0","0","12.003999999724329","4.421000000089407","12.5553","True"
"stark1","149","1","292276","292714","158608","284","1","0","","0","7.1043","1.9872","2.3437","0","0","15.285000000149012","4.5720000001601875","13.6588","True"
"stark1","150","1","291364","291802","157248","284","1","0","","0","6.7431","2.7723","2.1831","0","0","15.40100000007078","5.381000000052154","15.093","True"
"stark1","1","1","292572","293010","159152","284","1","0","","0","6.1019","1.7768","2.1145","0","0","14.540000000037253","4.1749999998137355","11.1619","True"
"stark1","2","1","291340","291778","157568","284","1","0","","0","5.8802","1.789","2.0737","0","0","15.192999999970198","4.044999999925494","12.4147","True"
"stark1","3","1","291372","291810","157424","284","1","0","","0","6.8102","1.8189","2.0663","0","0","14.847000000067055","7.059000000357628","12.2211","True"
"stark1","4","1","290220","290658","155296","284","1","0","","0","5.5689","2.0061","2.0794","0","0","11.655999999959022","6.935000000055879","11.3607","True"
"stark1","5","1","289372","289810","156656","284","1","0","","0","6.3487","1.7869","2.1411","0","0","15.367000000085682","4.714999999850988","12.3653","True"
"stark1","6","1","291468","291906","158096","284","1","0","","0","5.9225","1.8677","2.0982","0","0","14.04300000006333","5.425000000279397","12.2448","True"
"stark1","7","1","291068","291506","157520","284","1","0","","0","11.0212","1.8482","2.1619","0","0","19.462999999988824","6.908999999985099","16.3613","True"
"stark1","8","1","292380","292818","158800","284","1","0","","0","5.2789","6.775","2.1365","0","0","14.59499999973923","11.802000000141561","15.8355","True"
"stark1","9","1","291308","291746","157904","284","1","0","","0","6.0211","1.7549","2.0257","0","0","14.157000000122935","10.509999999776483","12.9669","True"
"stark1","10","1","290572","291010","156736","284","1","0","","0","5.1056","1.7663","2.0592","0","0","10.85300000011921","6.71100000012666","10.6334","True"
"stark1","11","1","290252","290690","156544","284","1","0","","0","6.5946","1.7881","2.1057","0","0","13.566999999806285","4.141999999992549","12.312","True"
"stark1","12","1","291556","291994","157648","284","1","0","","0","5.3884","1.7521","2.0289","0","0","10.88300000037998","6.305000000167638","11.1602","True"
"stark1","13","1","290580","291018","156992","284","1","0","","0","5.9915","1.8645","2.042","0","0","13.095000000204891","4.381000000052154","11.9577","True"
"stark1","14","1","290940","291378","157264","284","1","0","","0","5.7652","1.7427","2.0586","0","0","11.593000000342727","5.466999999713153","11.2544","True"
"stark1","15","1","291900","292338","158448","284","1","0","","0","5.6725","2.3706","2.0774","0","0","14.279999999795109","5.683000000193715","11.7715","True"
"stark1","16","1","290748","291186","157056","284","1","0","","0","6.2445","1.8037","2.0494","0","0","16.645999999716878","4.737999999895692","12.4688","True"
"stark1","17","1","291740","292178","157984","284","1","0","","0","5.7898","1.7636","2.0117","0","0","12.300000000279397","6.4470000001601875","10.7813","True"
"stark1","18","1","291772","292210","158080","284","1","0","","0","5.3647","1.8145","2.0953","0","0","13.302999999839813","4.094000000040978","11.8057","True"
"stark1","19","1","291164","291602","157440","284","1","0","","0","6.4478","1.7685","2.0214","0","0","14.533999999985099","6.4279999998398125","11.829","True"
"stark1","20","1","291324","291762","157680","284","1","0","","0","6.2462","1.7841","2.03","0","0","12.484000000171363","5.438000000081956","11.6819","True"
"stark1","21","1","290956","291394","157152","284","1","0","","0","5.4772","1.7945","2.0347","0","0","10.649000000208616","5.288000000175089","11.0227","True"
"stark1","22","1","292572","293010","158784","284","1","0","","0","6.0008","1.8225","2.0358","0","0","12.944999999832362","4.464000000152737","12.3056","True"
"stark1","23","1","291004","291442","157360","284","1","0","","0","6.2587","1.7752","2.0545","0","0","14.767999999690801","6.611999999731779","12.0445","True"
"stark1","24","1","291788","292226","158240","284","1","0","","0","7.2228","1.7698","2.1282","0","0","15.98700000019744","5.205000000074506","13.2302","True"
"stark1","25","1","289956","290394","156144","284","1","0","","0","6.4939","1.758","2.0859","0","0","14.42200000025332","6.276999999769032","12.5265","True"
"stark1","26","1","292588","293026","158960","284","1","0","","0","5.3642","1.8089","2.0757","0","0","12.94400000013411","5.3980000000447035","11.5924","True"
"stark1","27","1","291612","292050","158080","284","1","0","","0","6.1781","1.7807","2.0434","0","0","12.846999999601394","7.091000000014901","11.3175","True"
"stark1","28","1","289604","290042","156256","284","1","0","","0","5.9982","1.835","2.1192","0","0","15.665000000037253","4.187000000383705","12.6219","True"
"stark1","29","1","292060","292498","158272","284","1","0","","0","7.1243","1.8491","2.1296","0","0","14.813000000081956","6.71100000012666","13.4906","True"
"stark1","30","1","292460","292898","158656","284","1","0","","0","6.1379","1.8608","2.8594","0","0","11.845999999903142","8.495000000111759","12.2106","True"
"stark1","31","1","290604","291042","156752","284","1","0","","0","5.3674","1.7558","2.0165","0","0","11.72399999992922","5.075999999884516","11.523","True"
"stark1","32","1","290380","290818","157040","284","1","0","","0","6.3601","1.7865","2.1344","0","0","13.780999999959022","7.041999999899417","11.4788","True"
"stark1","33","1","291500","291938","157712","284","1","0","","0","6.849","1.8227","2.116","0","0","19.98300000000745","4.079000000376254","13.4258","True"
"stark1","34","1","290860","291298","157056","284","1","0","","0","6.9355","1.9476","2.1753","0","0","15.480999999679625","7.71100000012666","12.6247","True"
"stark1","35","1","291420","291858","157792","284","1","0","","0","5.5367","1.7671","2.0428","0","0","10.45699999993667","6.199999999720603","11.1348","True"
"stark1","36","1","289580","290018","156224","284","1","0","","0","5.8746","1.7456","2.119","0","0","11.341000000014901","4.5519999996759","11.6957","True"
"stark1","37","1","290700","291138","156912","284","1","0","","0","6.6429","1.84","2.2596","0","0","15.667000000365078","5.691999999806285","12.7837","True"
"stark1","38","1","292156","292594","157104","284","1","0","","0","6.1436","2.5429","2.083","0","0","12.72800000011921","8.577000000048429","11.9952","True"
"stark1","39","1","291676","292114","158080","284","1","0","","0","5.8605","1.8362","2.1554","0","0","11.27599999960512","6.88399999961257","11.9359","True"
"stark1","40","1","290892","291330","156800","284","1","0","","0","6.0606","1.7718","2.0632","0","0","14.537000000011176","5.146999999880791","12.2274","True"
"stark1","41","1","292444","292882","158688","284","1","0","","0","6.3869","1.7925","2.0705","0","0","14.31900000013411","6.560999999754131","11.4689","True"
"stark1","42","1","290524","290962","157504","284","1","0","","0","7.2421","1.7712","2.1359","0","0","16.362999999895692","4.173999999649823","13.8413","True"
"stark1","43","1","291196","291634","157520","284","1","0","","0","5.739","1.9171","2.4987","0","0","13.015000000130385","8.589999999850988","11.682","True"
"stark1","44","1","291852","292290","157840","284","1","0","","0","6.2567","1.863","2.1508","0","0","14.429999999701977","4.875","12.5337","True"
"stark1","45","1","291036","291474","157136","284","1","0","","0","6.3749","2.5426","2.1221","0","0","15.006000000052154","7.186999999918044","12.3367","True"
"stark1","46","1","292284","292722","158320","284","1","0","","0","6.7412","1.964","2.0459","0","0","17.006000000052154","6.9040000000968575","11.9428","True"
"stark1","47","1","291772","292210","158160","284","1","0","","0","7.9557","1.8411","2.0467","0","0","19.969000000040978","6.701000000350177","13.396","True"
"stark1","48","1","290924","291362","156816","284","1","0","","0","7.477","1.79","2.1","0","0","17.66300000017509","7.004999999888241","12.9709","True"
"stark1","49","1","291884","292322","157888","284","1","0","","0","5.8166","1.9132","2.1712","0","0","15.33199999993667","6.224999999627471","12.2206","True"
"stark1","50","1","291716","292154","157120","284","1","0","","0","6.4241","1.8183","2.0856","0","0","15.199000000022352","6.509000000078231","11.726","True"
"stark1","51","1","291372","291810","157824","284","1","0","","0","6.2155","1.899","2.2141","0","0","16.37599999969825","6.821999999694526","12.4014","True"
"stark1","52","1","291140","291578","157328","284","1","0","","0","6.7765","1.8096","2.8038","0","0","16.91700000036508","7.935000000055879","13.1674","True"
"stark1","53","1","291964","292402","157312","284","1","0","","0","7.47","1.8379","2.1602","0","0","18.77100000018254","7.661000000312924","13.0782","True"
"stark1","54","1","291020","291458","157648","284","1","0","","0","6.2239","1.8716","2.1257","0","0","11.873000000137836","6.807999999728054","12.0132","True"
"stark1","55","1","289468","289906","156288","284","1","0","","0","7.5609","1.8229","2.0038","0","0","17.100000000093132","5.1940000001341105","13.5205","True"
"stark1","56","1","291516","291954","156080","284","1","0","","0","7.0936","1.8415","2.1248","0","0","15.649000000208616","6.6809999998658895","13.3917","True"
"stark1","57","1","290956","291394","157104","284","1","0","","0","7.0762","1.778","2.0855","0","0","18.74900000030175","7.608000000007451","12.237","True"
"stark1","58","1","293196","293634","159120","284","1","0","","0","5.9386","1.8116","2.0325","0","0","11.415999999735504","6.1940000001341105","11.2675","True"
"stark1","59","1","290156","290594","157376","284","1","0","","0","5.9481","1.7797","2.0617","0","0","11.222000000067055","5.875","11.3934","True"
"stark1","60","1","291524","291962","157984","284","1","0","","0","5.2848","2.5319","2.07","0","0","10.384000000078231","5.669000000227243","11.5955","True"
"stark1","61","1","292060","292498","158080","284","1","0","","0","5.9218","1.7391","2.0013","0","0","11.577000000048429","6.515000000130385","11.0149","True"
"stark1","62","1","291644","292082","157840","284","1","0","","0","6.3581","1.8018","2.0583","0","0","16.46100000012666","4.0529999998398125","12.8436","True"
"stark1","63","1","291788","292226","157808","284","1","0","","0","5.5947","1.7716","2.1358","0","0","11.10399999981746","6.638999999966472","10.9693","True"
"stark1","64","1","291580","292018","156976","284","1","0","","0","5.6775","1.7359","2.1021","0","0","11.35399999981746","4.561999999918044","11.1837","True"
"stark1","65","1","290908","291346","156368","284","1","0","","0","5.0289","1.7042","1.9689","0","0","9.969000000040978","4.388999999966472","10.5003","True"
"stark1","66","1","291708","292146","158176","284","1","0","","0","6.2701","1.7669","2.2185","0","0","11.653999999631196","4.152999999932945","12.0606","True"
"stark1","67","1","292012","292450","158032","284","1","0","","0","6.0782","1.9689","2.9558","0","0","12.092999999877065","6.785000000149012","13.0961","True"
"stark1","68","1","291340","291778","157776","284","1","0","","0","5.7866","1.8497","2.1461","0","0","11.351999999955297","6.391999999992549","11.836","True"
"stark1","69","1","290940","291378","157424","284","1","0","","0","6.0552","1.7757","2.0408","0","0","12.496999999973923","6.496999999973923","12.1998","True"
"stark1","70","1","292012","292450","156368","284","1","0","","0","5.5411","1.7275","2.1326","0","0","10.479000000283122","6.601000000257045","10.536","True"
"stark1","71","1","292092","292530","158464","284","1","0","","0","5.2289","1.7302","2.073","0","0","11.725000000093132","4.005000000353903","11.6","True"
"stark1","72","1","292460","292898","158704","0","0","0","Local ingress capacity or pending-wrapper drop","0","0","1.7833","1.5217","0","0","0","5.40500000026077","0","False"
"stark1","73","1","292716","293154","158720","0","0","0","Local ingress capacity or pending-wrapper drop","0","0","1.8122","1.6052","0","0","0","3.6299999998882413","0","False"
"stark1","74","1","291660","292098","156816","0","0","0","Local ingress capacity or pending-wrapper drop","0","0","1.883","1.5777","0","0","0","3.640000000130385","0","False"
"stark1","75","1","292812","293250","158816","0","0","0","Local ingress capacity or pending-wrapper drop","0","0","1.9898","1.6426","0","0","0","3.9739999999292195","0","False"
"stark1","76","1","291980","292418","158272","0","0","0","Local ingress capacity or pending-wrapper drop","0","0","2.6851","1.675","0","0","0","4.567999999970198","0","False"
"stark1","77","1","293100","293538","159200","0","0","0","Local ingress capacity or pending-wrapper drop","0","0","2.0217","1.7122","0","0","0","4","0","False"
"stark1","78","1","293068","293506","158256","0","0","0","Local ingress capacity or pending-wrapper drop","0","0","2.0667","1.7252","0","0","0","4.087999999988824","0","False"
"stark1","79","1","291044","291482","157472","0","0","0","Local ingress capacity or pending-wrapper drop","0","0","2.0539","1.7871","0","0","0","4.055000000167638","0","False"
"stark1","80","1","291212","291650","156640","0","0","0","Local ingress capacity or pending-wrapper drop","0","0","2.1209","1.7487","0","0","0","4.251999999862164","0","False"
"stark1","81","1","292060","292498","158704","0","0","0","Local ingress capacity or pending-wrapper drop","0","0","2.2133","1.8607","0","0","0","4.304000000003725","0","False"
"stark1","82","1","291292","291730","157472","0","0","0","Local ingress capacity or pending-wrapper drop","0","0","2.2197","1.8885","0","0","0","4.3459999999031425","0","False"
"stark1","83","1","289172","289610","155328","0","0","0","Local ingress capacity or pending-wrapper drop","0","0","2.194","1.8437","0","0","0","4.384999999776483","0","False"
"stark1","84","1","291580","292018","157904","0","0","0","Local ingress capacity or pending-wrapper drop","0","0","2.266","1.9266","0","0","0","4.418999999761581","0","False"
"stark1","85","1","290940","291378","157280","0","0","0","Local ingress capacity or pending-wrapper drop","0","0","2.2904","1.948","0","0","0","4.722000000067055","0","False"
"stark1","86","1","291396","291834","157648","0","0","0","Local ingress capacity or pending-wrapper drop","0","0","2.3533","2.0017","0","0","0","4.7269999999552965","0","False"
"stark1","87","1","291812","292250","157904","0","0","0","Local ingress capacity or pending-wrapper drop","0","0","2.9842","1.9518","0","0","0","5.189000000245869","0","False"
"stark1","88","1","291252","291690","157552","0","0","0","Local ingress capacity or pending-wrapper drop","0","0","2.2992","1.9677","0","0","0","4.524000000208616","0","False"
"stark1","89","1","292044","292482","158320","0","0","0","Local ingress capacity or pending-wrapper drop","0","0","2.4392","2.1184","0","0","0","5.089999999850988","0","False"
"stark1","90","1","292332","292770","158496","0","0","0","Local ingress capacity or pending-wrapper drop","0","0","2.3822","2.0265","0","0","0","4.719000000040978","0","False"
"stark1","91","1","291244","291682","156736","0","0","0","Local ingress capacity or pending-wrapper drop","0","0","2.3752","2.0563","0","0","0","4.820000000298023","0","False"
"stark1","92","1","291908","292346","156464","0","0","0","Local ingress capacity or pending-wrapper drop","0","0","2.297","1.9746","0","0","0","4.515999999828637","0","False"
"stark1","93","1","291692","292130","157936","0","0","0","Local ingress capacity or pending-wrapper drop","0","0","2.3601","2.0053","0","0","0","4.768000000156462","0","False"
"stark1","94","1","291244","291682","158096","0","0","0","Local ingress capacity or pending-wrapper drop","0","0","2.4357","2.1318","0","0","0","4.842999999877065","0","False"
"stark1","95","1","290292","290730","156544","0","0","0","Local ingress capacity or pending-wrapper drop","0","0","2.5088","2.0951","0","0","0","5.197999999858439","0","False"
"stark1","96","1","292268","292706","158480","0","0","0","Local ingress capacity or pending-wrapper drop","0","0","2.4885","2.1336","0","0","0","4.889000000432134","0","False"
"stark1","97","1","290924","291362","156672","0","0","0","Local ingress capacity or pending-wrapper drop","0","0","3.6723","2.0287","0","0","0","5.9769999999552965","0","False"
"stark1","98","1","292364","292802","158736","0","0","0","Local ingress capacity or pending-wrapper drop","0","0","2.5196","2.1166","0","0","0","4.873999999836087","0","False"
"stark1","99","1","290876","291314","155888","0","0","0","Local ingress capacity or pending-wrapper drop","0","0","2.934","2.2023","0","0","0","5.472999999765307","0","False"
"stark1","100","1","291436","291874","157840","284","1","0","","0","8.7358","2.5624","2.9062","0","0","20.648000000044703","5.869999999646097","16.0488","True"
"stark1","101","1","291172","291610","157312","284","1","0","","0","6.9533","2.2838","2.61","0","0","16.9269999996759","9.841000000014901","14.4001","True"
"stark1","102","1","291852","292290","158192","284","1","0","","0","7.5787","2.0573","2.4354","0","0","17.07700000004843","8.747999999672174","14.1026","True"
"stark1","103","1","291196","291634","157696","284","1","0","","0","7.5265","1.8005","2.0745","0","0","15.997000000439584","8.40999999968335","12.9262","True"
"stark1","104","1","291164","291602","157664","284","1","0","","0","6.2397","1.7197","2.0694","0","0","14.274000000208616","6.53899999987334","11.6352","True"
"stark1","105","1","292956","293394","158672","284","1","0","","0","6.1404","1.7489","2.972","0","0","12.549999999813735","6.635999999940395","12.5195","True"
"stark1","106","1","291948","292386","157312","284","1","0","","0","7.126","1.831","2.0632","0","0","15.365000000223517","6.694999999832362","12.462","True"
"stark1","107","1","293020","293458","159264","284","1","0","","0","6.3748","1.7217","2.1052","0","0","13.682000000029802","6.080000000074506","11.7972","True"
"stark1","108","1","291516","291954","158048","284","1","0","","0","6.1172","1.7376","2.0202","0","0","12.600999999791384","6.0230000000447035","11.5352","True"
"stark1","109","1","291404","291842","157504","284","1","0","","0","5.7274","1.7429","2.0769","0","0","12.063000000081956","4.984999999869615","11.2901","True"
"stark1","110","1","291324","291762","157776","284","1","0","","0","5.5172","1.7739","2.0013","0","0","10.748999999836087","4.632999999914318","11.1229","True"
"stark1","111","1","290684","291122","156912","284","1","0","","0","5.5767","1.7587","2.0268","0","0","11.70299999974668","4.517999999690801","11.2549","True"
"stark1","112","1","291356","291794","157664","284","1","0","","0","5.9411","1.7252","2.0176","0","0","12.944999999832362","4.521999999880791","11.601","True"
"stark1","113","1","290212","290650","156944","284","1","0","","0","6.8415","2.4894","1.9967","0","0","16.79700000025332","5.469000000040978","13.3028","True"
"stark1","114","1","291292","291730","157888","284","1","0","","0","6.4446","1.7164","1.9969","0","0","13.535999999847263","7.699999999720603","11.6504","True"
"stark1","115","1","290588","291026","157152","284","1","0","","0","6.2401","1.791","2.0338","0","0","13.981000000145286","6.1510000000707805","11.5662","True"
"stark1","116","1","291980","292418","157296","284","1","0","","0","5.3354","1.7246","2.0132","0","0","10.56499999994412","5.144000000320375","10.6526","True"
"stark1","117","1","292396","292834","157072","284","1","0","","0","5.474","1.7402","2.0007","0","0","11.597000000067055","4.464999999850988","10.8041","True"
"stark1","118","1","291244","291682","157584","284","1","0","","0","5.3396","1.7871","2.0038","0","0","11.537999999709427","4.5529999998398125","10.747","True"
"stark1","119","1","291964","292402","158432","284","1","0","","0","6.1367","1.719","2.0339","0","0","13.379999999888241","4.511000000406057","11.5772","True"
"stark1","120","1","291756","292194","157936","284","1","0","","0","6.1267","1.7334","2.854","0","0","14.43500000005588","5.830999999772757","12.5428","True"
"stark1","121","1","290580","291018","156880","284","1","0","","0","7.1349","1.7504","2.0221","0","0","14.790999999735504","6.557999999728054","12.2298","True"
"stark1","122","1","290644","291082","156864","284","1","0","","0","5.9056","1.8738","2.1495","0","0","11.831000000238419","6.848000000230968","11.3713","True"
"stark1","123","1","290636","291074","157056","284","1","0","","0","6.0477","1.7139","2.0058","0","0","14.308999999891967","5.990999999921769","11.4744","True"
"stark1","124","1","290716","291154","157200","284","1","0","","0","5.7041","1.7698","2.0404","0","0","11.628000000026077","4.907000000122935","11.2336","True"
"stark1","125","1","291980","292418","156624","284","1","0","","0","6.6094","1.7337","2.0359","0","0","12.601000000257045","4.580000000074506","12.2465","True"
"stark1","126","1","291092","291530","157328","284","1","0","","0","6.8327","1.7747","2.1503","0","0","15.986000000033528","5.972999999765307","12.6278","True"
"stark1","127","1","291148","291586","156352","284","1","0","","0","5.8599","1.7488","1.9872","0","0","12.856000000145286","5.689999999944121","11.665","True"
"stark1","128","1","292268","292706","158496","284","1","0","","0","5.5753","2.3832","2.007","0","0","11.808999999891967","5.353000000119209","12.0994","True"
"stark1","129","1","291092","291530","157280","284","1","0","","0","6.2829","1.7632","2.0485","0","0","11.658999999985099","6.384000000078231","11.6051","True"
"stark1","130","1","291244","291682","156512","284","1","0","","0","5.6344","1.75","1.9876","0","0","10.912000000011176","5.263999999966472","10.9935","True"
"stark1","131","1","291828","292266","158048","284","1","0","","0","6.0062","1.8057","2.0419","0","0","13.510000000242144","4.538000000175089","11.5014","True"
"stark1","132","1","290428","290866","156896","284","1","0","","0","6.8749","1.7134","2.0168","0","0","16.200000000186265","4.759999999776483","12.4557","True"
"stark1","133","1","290180","290618","156608","284","1","0","","0","6.1629","1.9436","2.0744","0","0","14.464999999850988","6.040000000037253","11.996","True"
"stark1","134","1","290204","290642","157088","284","1","0","","0","6.1266","1.8162","2.0489","0","0","14.203000000212342","5.740999999921769","12.126","True"
"stark1","135","1","290932","291370","157280","284","1","0","","0","5.3296","1.7475","2.5873","0","0","11.152999999932945","5.78400000045076","11.91","True"
"stark1","136","1","291004","291442","156528","284","1","0","","0","5.2901","1.7207","2.0148","0","0","10.217999999877065","5.58199999993667","10.7184","True"
"stark1","137","1","290268","290706","156576","284","1","0","","0","5.349","1.769","2.159","0","0","10.817999999970198","4.658999999985099","10.9848","True"
"stark1","138","1","289756","290194","156080","284","1","0","","0","6.3031","1.798","2.0347","0","0","13.629999999888241","4.343999999575317","12.07","True"
"stark1","139","1","291076","291514","156432","284","1","0","","0","6.5194","1.7876","2.0535","0","0","13.584999999962747","5.827000000048429","12.3493","True"
"stark1","140","1","292716","293154","158992","284","1","0","","0","7.3362","1.8517","2.0657","0","0","16.06899999966845","5.537000000011176","13.3855","True"
"stark1","141","1","290844","291282","157472","284","1","0","","0","6.1727","1.8067","2.0223","0","0","13.582999999634922","6.981999999843538","12.3603","True"
"stark1","142","1","292716","293154","158560","284","1","0","","0","5.8972","1.8103","2.1043","0","0","12.171000000089407","6.591000000014901","10.9906","True"
"stark1","143","1","292420","292858","158528","284","1","0","","0","5.7509","2.5549","2.051","0","0","11.841000000014901","4.757000000216067","12.9601","True"
"stark1","144","1","292364","292802","158624","284","1","0","","0","6.4675","1.81","2.0275","0","0","15.101999999955297","6.4470000001601875","12.6471","True"
"stark1","145","1","290796","291234","157408","284","1","0","","0","6.1636","1.8065","2.1368","0","0","14.197999999858439","6.803000000305474","11.2542","True"
"stark1","146","1","289812","290250","156176","284","1","0","","0","5.8684","1.7342","2.0233","0","0","12.326000000350177","3.969000000040978","12.2395","True"
"stark1","147","1","293004","293442","158960","284","1","0","","0","6.1285","1.8774","2.1042","0","0","13.995000000111759","6.75800000037998","11.512","True"
"stark1","148","1","291532","291970","157632","284","1","0","","0","5.5342","1.8154","2.0337","0","0","10.992000000085682","5.386999999638647","11.0866","True"
"stark1","149","1","292276","292714","158608","284","1","0","","0","5.6491","1.8008","2.0465","0","0","11.442000000271946","4.583999999798834","11.2802","True"
"stark1","150","1","291364","291802","157248","284","1","0","","0","5.7005","1.775","2.7241","0","0","11.996000000275671","5.3519999999552965","12.1495","True"
"stark1","151","1","291052","291490","157648","284","1","0","","0","5.7322","1.8342","2.032","0","0","13.089999999850988","6.734999999869615","11.0279","True"
"stark1","152","1","290876","291314","156832","284","1","0","","0","6.5546","1.7297","1.9616","0","0","12.656999999657273","4.464999999850988","11.816","True"
"stark1","153","1","292444","292882","158512","284","1","0","","0","6.2432","1.8105","2.0623","0","0","12.766000000294298","6.1540000000968575","11.8019","True"
"stark1","154","1","290348","290786","157072","284","1","0","","0","5.2817","1.803","2.1165","0","0","11.563000000081956","5.518000000156462","10.997","True"
"stark1","155","1","291292","291730","157680","284","1","0","","0","6.3866","1.8047","2.1921","0","0","12.5","4.600000000093132","12.3382","True"
"stark1","156","1","291820","292258","157840","284","1","0","","0","5.9224","1.758","2.0431","0","0","12.18099999986589","5.320000000298023","11.9965","True"
"stark1","157","1","292668","293106","158912","284","1","0","","0","6.4881","1.7928","2.0462","0","0","18.544999999925494","4.983999999705702","12.696","True"
"stark1","158","1","292556","292994","157824","284","1","0","","0","5.3495","2.5316","2.0598","0","0","10.363000000361353","7.507000000216067","11.1705","True"
"stark1","159","1","289900","290338","156288","284","1","0","","0","6.1471","1.7727","2.0682","0","0","11.134999999776483","4.646999999880791","12.0415","True"
"stark1","160","1","289812","290250","156640","284","1","0","","0","5.2916","1.7517","2.0237","0","0","10.190999999642372","4.975000000093132","11.2695","True"
"stark1","161","1","291740","292178","158128","284","1","0","","0","5.3183","1.7607","2.0088","0","0","11.179000000003725","4.5230000000447035","11.3545","True"
"stark1","162","1","292140","292578","158240","284","1","0","","0","6.0695","1.785","2.0808","0","0","12.634999999776483","4.424000000115484","12.218","True"
"stark1","163","1","290324","290762","156672","284","1","0","","0","5.5656","1.9118","2.0005","0","0","11.13799999980256","6.736999999731779","10.6415","True"
"stark1","164","1","291348","291786","155984","284","1","0","","0","6.1347","1.7334","1.9846","0","0","14.834999999962747","3.8849999997764826","12.4919","True"
"stark1","165","1","290348","290786","156304","284","1","0","","0","6.177","1.754","2.7662","0","0","13.302000000141561","7.459000000264496","12.1635","True"
"stark1","166","1","291380","291818","157984","284","1","0","","0","7.0491","1.8633","2.2567","0","0","14.705999999772757","5.644000000320375","13.4665","True"
"stark1","167","1","291756","292194","157952","284","1","0","","0","5.9761","1.8285","2.1107","0","0","11.566000000108033","8.172999999951571","11.251","True"
"stark1","168","1","292620","293058","158512","284","1","0","","0","6.2617","1.7837","1.9908","0","0","15.145000000018626","5.038000000175089","11.5174","True"
"stark1","169","1","290580","291018","156864","284","1","0","","0","6.036","1.798","2.0174","0","0","14.143999999854714","5.285000000149012","11.3304","True"
"stark1","170","1","291108","291546","157600","284","1","0","","0","7.7209","1.745","1.9963","0","0","17.686000000219792","5.037999999709427","13.0687","True"
"stark1","171","1","291404","291842","158000","284","1","0","","0","6.1135","1.7242","2.0218","0","0","12.850000000093132","6.759999999776483","11.5128","True"
"stark1","172","1","290580","291018","156976","0","0","0","Local ingress capacity or pending-wrapper drop","0","0","1.7377","1.5317","0","0","0","4.958999999798834","0","False"
"stark1","173","1","292876","293314","158976","0","0","0","Local ingress capacity or pending-wrapper drop","0","0","2.712","1.5669","0","0","0","4.516000000294298","0","False"
"stark1","174","1","291580","292018","157824","0","0","0","Local ingress capacity or pending-wrapper drop","0","0","1.8701","1.562","0","0","0","3.6260000001639128","0","False"
"stark1","175","1","291372","291810","157872","0","0","0","Local ingress capacity or pending-wrapper drop","0","0","1.9523","1.6436","0","0","0","3.8220000001601875","0","False"
"stark1","176","1","291532","291970","157840","0","0","0","Local ingress capacity or pending-wrapper drop","0","0","1.9439","1.6061","0","0","0","3.7719999998807907","0","False"
"stark1","177","1","290484","290922","156496","0","0","0","Local ingress capacity or pending-wrapper drop","0","0","1.9759","1.6618","0","0","0","3.8130000000819564","0","False"
"stark1","178","1","291740","292178","157904","0","0","0","Local ingress capacity or pending-wrapper drop","0","0","2.1059","1.7749","0","0","0","4.192999999970198","0","False"
"stark1","179","1","291452","291890","156832","0","0","0","Local ingress capacity or pending-wrapper drop","0","0","2.1417","1.8345","0","0","0","4.216000000014901","0","False"
"stark1","180","1","290276","290714","156720","0","0","0","Local ingress capacity or pending-wrapper drop","0","0","2.2119","1.8232","0","0","0","4.259000000078231","0","False"
"stark1","181","1","291660","292098","157856","0","0","0","Local ingress capacity or pending-wrapper drop","0","0","2.235","1.8784","0","0","0","4.427000000141561","0","False"
"stark1","182","1","290604","291042","155616","0","0","0","Local ingress capacity or pending-wrapper drop","0","0","2.4022","1.8854","0","0","0","4.575999999884516","0","False"
"stark1","183","1","291964","292402","157968","0","0","0","Local ingress capacity or pending-wrapper drop","0","0","2.3373","1.9542","0","0","0","4.515999999828637","0","False"
"stark1","184","1","291108","291546","157376","0","0","0","Local ingress capacity or pending-wrapper drop","0","0","2.2728","1.9994","0","0","0","4.6450000000186265","0","False"
"stark1","185","1","290932","291370","156384","0","0","0","Local ingress capacity or pending-wrapper drop","0","0","2.2959","1.9317","0","0","0","4.4739999999292195","0","False"
"stark1","186","1","290828","291266","157312","0","0","0","Local ingress capacity or pending-wrapper drop","0","0","2.3085","1.9715","0","0","0","4.5690000001341105","0","False"
"stark1","187","1","290484","290922","156784","0","0","0","Local ingress capacity or pending-wrapper drop","0","0","2.3568","1.9929","0","0","0","4.603000000119209","0","False"
"stark1","188","1","291292","291730","157584","0","0","0","Local ingress capacity or pending-wrapper drop","0","0","2.35","1.9527","0","0","0","4.541000000201166","0","False"
"stark1","189","1","290860","291298","157392","0","0","0","Local ingress capacity or pending-wrapper drop","0","0","2.3342","1.9455","0","0","0","4.532000000122935","0","False"
"stark1","190","1","291684","292122","157504","0","0","0","Local ingress capacity or pending-wrapper drop","0","0","2.2521","1.9525","0","0","0","4.6540000000968575","0","False"
"stark1","191","1","291756","292194","158160","0","0","0","Local ingress capacity or pending-wrapper drop","0","0","2.4761","1.9967","0","0","0","4.722999999765307","0","False"
"stark1","192","1","291564","292002","157168","0","0","0","Local ingress capacity or pending-wrapper drop","0","0","2.4579","2.0338","0","0","0","4.7569999997504056","0","False"
"stark1","193","1","291340","291778","157456","0","0","0","Local ingress capacity or pending-wrapper drop","0","0","2.4565","2.0732","0","0","0","4.844000000040978","0","False"
"stark1","194","1","290876","291314","157296","0","0","0","Local ingress capacity or pending-wrapper drop","0","0","3.2676","2.068","0","0","0","5.736000000033528","0","False"
"stark1","195","1","292668","293106","158864","0","0","0","Local ingress capacity or pending-wrapper drop","0","0","2.4949","2.0086","0","0","0","4.873000000137836","0","False"
"stark1","196","1","291516","291954","157840","0","0","0","Local ingress capacity or pending-wrapper drop","0","0","2.5361","2.1085","0","0","0","4.9279999998398125","0","False"
"stark1","197","1","290332","290770","157408","0","0","0","Local ingress capacity or pending-wrapper drop","0","0","2.3199","1.9586","0","0","0","4.574000000022352","0","False"
"stark1","198","1","290948","291386","156400","0","0","0","Local ingress capacity or pending-wrapper drop","0","0","2.1834","1.877","0","0","0","4.311000000219792","0","False"
"stark1","199","1","290636","291074","157024","0","0","0","Local ingress capacity or pending-wrapper drop","0","0","2.5651","2.1351","0","0","0","4.978000000119209","0","False"
"stark1","200","1","291724","292162","157872","284","1","0","","0","8.9216","2.4872","2.6498","0","0","32.72800000011921","6.118999999947846","17.3417","True"
"stark1","201","1","291532","291970","157104","284","1","0","","0","7.7005","2.2546","2.5999","0","0","29.294000000227243","13.675999999977648","16.4863","True"
"stark1","202","1","291596","292034","157776","284","1","0","","0","9.1294","2.0732","2.3769","0","0","29.782000000122935","14.13300000037998","16.9607","True"
"stark1","203","1","292204","292642","157632","284","1","0","","0","8.5269","1.9377","3.7051","0","0","31.72499999962747","14.993999999947846","16.801","True"
"stark1","204","1","291468","291906","157440","284","1","0","","0","7.7908","1.892","2.2191","0","0","29.71100000012666","12.989000000059605","15.8017","True"
"stark1","205","1","290924","291362","156688","284","1","0","","0","6.881","1.748","2.1173","0","0","25.174000000115484","12.375999999698251","13.8548","True"
"stark1","206","1","290956","291394","157200","284","1","0","","0","6.8078","1.817","4.5585","0","0","23.645000000018626","13.851000000257045","15.5746","True"
"stark1","207","1","291852","292290","158624","284","1","0","","0","5.941","1.8529","2.1067","0","0","19.222000000067055","10.796000000089407","12.6042","True"
"stark1","208","1","291676","292114","158080","284","1","0","","0","7.6242","1.7747","2.2547","0","0","24.097999999765307","10.777999999932945","13.2287","True"
"stark1","209","1","290516","290954","156784","284","1","0","","0","6.899","1.9755","2.0729","0","0","21.02999999979511","10.834999999962747","12.8826","True"
"stark1","210","1","288996","289434","155648","284","1","0","","0","7.3856","1.8017","2.0445","0","0","22.0910000000149","9.708000000100583","13.4513","True"
"stark1","211","1","291580","292018","158128","284","1","0","","0","6.678","3.0877","2.0787","0","0","21.925000000279397","10.559999999590218","14.2626","True"
"stark1","212","1","290428","290866","156672","284","1","0","","0","6.2113","4.3843","2.022","0","0","21.725000000093132","14.441000000108033","13.9924","True"
"stark1","213","1","293100","293538","159264","284","1","0","","0","6.0389","1.8378","2.2161","0","0","19.049000000115484","11.777999999932945","11.5931","True"
"stark1","214","1","291356","291794","157328","284","1","0","","0","6.8474","1.7645","2.0316","0","0","22.68599999975413","10.713000000454485","12.4738","True"
"stark1","215","1","290636","291074","156896","284","1","0","","0","6.2748","1.8241","2.0112","0","0","20.501999999862164","10.470999999903142","12.0022","True"
"stark1","216","1","291948","292386","158160","284","1","0","","0","6.0787","1.8044","2.0397","0","0","20.251999999862164","9.067999999970198","11.9504","True"
"stark1","217","1","292492","292930","157136","284","1","0","","0","6.4777","1.7957","2.0018","0","0","20.621999999973923","9.692999999970198","12.5098","True"
"stark1","218","1","290924","291362","156768","284","1","0","","0","6.7671","5.1918","2.0969","0","0","27.459999999962747","12.458000000100583","16.3077","True"
"stark1","219","1","292028","292466","158352","284","1","0","","0","6.8017","1.8365","2.397","0","0","21.089000000152737","13.100000000093132","14.274","True"
"stark1","220","1","290396","290834","156880","284","1","0","","0","7.0319","1.8233","2.0356","0","0","25.16800000006333","7.783000000286847","12.4797","True"
"stark1","221","1","290796","291234","157216","284","1","0","","0","6.0145","1.8315","2.0824","0","0","21.399999999906868","10.03000000026077","11.565","True"
"stark1","222","1","291140","291578","156512","284","1","0","","0","7.2918","1.837","2.0913","0","0","23.885000000242144","9.33199999993667","13.0094","True"
"stark1","223","1","290092","290530","156432","284","1","0","","0","6.334","1.8968","2.1247","0","0","20.57400000002235","10.262000000104308","12.352","True"
"stark1","224","1","291916","292354","157120","284","1","0","","0","5.6159","4.3791","2.091","0","0","18.998000000137836","12.93500000005588","14.4557","True"
"stark1","225","1","289676","290114","155088","284","1","0","","0","6.9327","1.8232","2.0544","0","0","24.804999999701977","11.384000000078231","12.5134","True"
"stark1","226","1","292684","293122","157600","284","1","0","","0","7.3571","2.9495","2.1247","0","0","23.609999999869615","11.311000000219792","13.8992","True"
"stark1","227","1","292092","292530","158432","284","1","0","","0","6.3823","1.8635","2.0944","0","0","21.578999999910593","10.238000000361353","11.9937","True"
"stark1","228","1","291260","291698","157696","284","1","0","","0","6.7815","1.844","2.12","0","0","20.486000000033528","12.28499999968335","12.5784","True"
"stark1","229","1","291388","291826","157648","284","1","0","","0","7.5072","2.0336","4.5765","0","0","27.3570000003092","13.880000000353903","16.21","True"
"stark1","230","1","292508","292946","158576","284","1","0","","0","7.2053","1.8085","2.1782","0","0","27.669000000227243","15.66800000006333","14.5219","True"
"stark1","231","1","292012","292450","158128","284","1","0","","0","5.8815","1.7816","2.0374","0","0","18.38799999980256","11.475999999791384","11.494","True"
"stark1","232","1","291436","291874","157488","284","1","0","","0","6.2607","1.7572","1.9989","0","0","17.17700000014156","10.41800000006333","11.6142","True"
"stark1","233","1","292396","292834","158624","284","1","0","","0","7.5406","2.7401","2.1216","0","0","27.82700000004843","13.825000000186265","14.1302","True"
"stark1","234","1","292252","292690","158480","284","1","0","","0","6.347","1.8351","2.1642","0","0","23.84899999992922","11.980999999679625","11.9321","True"
"stark1","235","1","292156","292594","158448","284","1","0","","0","6.6024","1.8191","4.827","0","0","25.01299999980256","12.050000000279397","15.249","True"
"stark1","236","1","290764","291202","157392","284","1","0","","0","6.7016","1.8224","2.0749","0","0","23.74199999962002","11.002000000327826","13.1315","True"
"stark1","237","1","291564","292002","158080","284","1","0","","0","7.4148","1.8085","2.0477","0","0","27.1769999996759","10.532000000122935","13.8528","True"
"stark1","238","1","290764","291202","156896","284","1","0","","0","6.7833","1.8238","2.1021","0","0","22.098000000230968","11.827000000048429","12.1862","True"
"stark1","239","1","292156","292594","157392","284","1","0","","0","7.0647","1.8147","2.1235","0","0","22.80699999956414","9.742999999783933","12.6948","True"
"stark1","240","1","291500","291938","157616","284","1","0","","0","7.2117","1.8152","2.0573","0","0","24.69799999985844","10.52599999960512","12.9938","True"
"stark1","241","1","289900","290338","155856","284","1","0","","0","7.88","2.8202","4.61","0","0","28.01699999999255","13.554000000003725","17.4372","True"
"stark1","242","1","291052","291490","157216","284","1","0","","0","7.5555","1.832","2.2045","0","0","29.444999999832362","12.453000000212342","16.2004","True"
"stark1","243","1","291292","291730","156688","284","1","0","","0","6.3572","1.8266","2.0831","0","0","24.944999999832362","11.219000000040978","13.736","True"
"stark1","244","1","289140","289578","155520","284","1","0","","0","6.7853","1.7917","2.0628","0","0","23.407000000122935","11.402000000234693","11.9951","True"
"stark1","245","1","292268","292706","158528","284","1","0","","0","7.1215","1.8168","2.227","0","0","23.846999999601394","9.588999999687076","12.7035","True"
"stark1","246","1","292556","292994","158720","284","1","0","","0","6.7428","1.8163","2.153","0","0","23.578999999910593","11.044999999925494","12.5762","True"
"stark1","247","1","291068","291506","157648","284","1","0","","0","7.7414","4.3116","2.092","0","0","29.12100000027567","13.621000000275671","16.2826","True"
"stark1","248","1","292140","292578","158240","284","1","0","","0","7.0311","1.8458","3.145","0","0","26.654000000096858","12.871999999973923","14.5136","True"
"stark1","249","1","292988","293426","159008","284","1","0","","0","6.866","1.835","2.1103","0","0","24.24200000008568","11.18999999994412","12.5046","True"
"stark1","250","1","291996","292434","158336","284","1","0","","0","7.2973","1.8251","2.0929","0","0","27.41899999976158","15.607000000309199","13.8778","True"
"stark1","251","1","292524","292962","158544","284","1","0","","0","7.2665","1.8155","2.0849","0","0","24.42299999995157","12.037999999709427","12.7755","True"
"stark1","252","1","291692","292130","157824","284","1","0","","0","6.8322","1.8187","2.0917","0","0","25.135999999940395","12.009000000078231","12.524","True"
"stark1","253","1","292764","293202","159248","284","1","0","","0","6.7137","1.8282","4.578","0","0","27.59899999992922","12.344000000040978","15.1443","True"
"stark1","254","1","292204","292642","157408","284","1","0","","0","8.195","1.8239","2.095","0","0","27.472999999765307","11.52100000018254","14.4838","True"
"stark1","255","1","290668","291106","156768","284","1","0","","0","7.2951","2.0643","3.6085","0","0","25.86199999973178","14.382000000216067","14.2889","True"
"stark1","256","1","290988","291426","157040","284","1","0","","0","6.3865","3.1371","2.182","0","0","25.282000000122935","12.942000000271946","15.565","True"
"stark1","257","1","291244","291682","157392","284","1","0","","0","6.8772","1.8424","3.5458","0","0","18.04799999995157","14.087000000290573","14.5914","True"
"stark1","258","1","291564","292002","157680","284","1","0","","0","7.5348","1.8351","2.1098","0","0","20.137000000104308","7.708000000100583","13.8346","True"
"stark1","259","1","290812","291250","156128","284","1","0","","0","8.4007","1.8623","2.2611","0","0","21.445999999996275","8.381000000052154","13.9207","True"
"stark1","260","1","290260","290698","156768","284","1","0","","0","7.7285","1.8319","2.1005","0","0","20.850000000093132","7.708000000100583","13.4309","True"
"stark1","261","1","290972","291410","157360","284","1","0","","0","6.4991","1.8128","2.0966","0","0","11.922999999951571","6.971000000368804","12.4215","True"
"stark1","262","1","291644","292082","157888","284","1","0","","0","6.1462","1.8269","2.0854","0","0","12.273999999742955","7.117000000085682","12.2541","True"
"stark1","263","1","291772","292210","158080","284","1","0","","0","6.0914","1.7653","2.697","0","0","12.62900000018999","7.25","12.9133","True"
"stark1","264","1","291556","291994","157504","284","1","0","","0","5.7563","1.823","2.0369","0","0","10.929999999701977","6.637000000104308","11.4843","True"
"stark1","265","1","294284","294722","160080","284","1","0","","0","5.3807","1.832","2.0212","0","0","10.699000000022352","4.910999999847263","11.2092","True"
"stark1","266","1","291420","291858","157680","284","1","0","","0","6.3065","1.75","2.0916","0","0","12.311999999918044","4.58199999993667","12.2476","True"
"stark1","267","1","289804","290242","156432","284","1","0","","0","6.0164","1.758","1.9715","0","0","11.904000000096858","6.806000000331551","11.9404","True"
"stark1","268","1","290340","290778","156896","284","1","0","","0","6.2172","1.7862","2.1873","0","0","13.825999999884516","5.777000000234693","11.786","True"
"stark1","269","1","291468","291906","157584","284","1","0","","0","6.373","1.859","2.226","0","0","12.08600000012666","5.638999999966472","12.435","True"
"stark1","270","1","291452","291890","157552","284","1","0","","0","6.0239","1.8156","2.0988","0","0","13.213999999687076","5.611999999731779","12.8135","True"
"stark1","271","1","292204","292642","158144","0","0","0","Local ingress capacity or pending-wrapper drop","0","0","2.463","1.5712","0","0","0","6.8230000003241","0","False"
"stark1","272","1","291884","292322","158016","0","0","0","Local ingress capacity or pending-wrapper drop","0","0","1.7262","1.5712","0","0","0","3.4480000003241003","0","False"
"stark1","273","1","291172","291610","157584","0","0","0","Local ingress capacity or pending-wrapper drop","0","0","1.7735","1.5286","0","0","0","3.441999999806285","0","False"
"stark1","274","1","292396","292834","158400","0","0","0","Local ingress capacity or pending-wrapper drop","0","0","1.9341","1.6269","0","0","0","3.75400000018999","0","False"
"stark1","275","1","289300","289738","155424","0","0","0","Local ingress capacity or pending-wrapper drop","0","0","1.9788","1.5873","0","0","0","3.7689999998547137","0","False"
"stark1","276","1","290924","291362","156032","0","0","0","Local ingress capacity or pending-wrapper drop","0","0","2.0767","1.6728","0","0","0","3.939000000245869","0","False"
"stark1","277","1","291692","292130","157968","0","0","0","Local ingress capacity or pending-wrapper drop","0","0","2.0922","1.7566","0","0","0","4.15999999968335","0","False"
"stark1","278","1","290700","291138","156384","0","0","0","Local ingress capacity or pending-wrapper drop","0","0","2.3686","1.8124","0","0","0","4.592999999877065","0","False"
"stark1","279","1","292044","292482","158304","0","0","0","Local ingress capacity or pending-wrapper drop","0","0","2.0992","1.9041","0","0","0","4.2239999999292195","0","False"
"stark1","280","1","291884","292322","157984","0","0","0","Local ingress capacity or pending-wrapper drop","0","0","2.2713","1.863","0","0","0","4.506000000052154","0","False"
"stark1","281","1","291476","291914","156672","0","0","0","Local ingress capacity or pending-wrapper drop","0","0","2.9295","1.8838","0","0","0","5.028000000398606","0","False"
"stark1","282","1","290332","290770","157104","0","0","0","Local ingress capacity or pending-wrapper drop","0","0","2.221","1.8912","0","0","0","4.339999999850988","0","False"
"stark1","283","1","291684","292122","157792","0","0","0","Local ingress capacity or pending-wrapper drop","0","0","2.2902","1.8331","0","0","0","4.3950000000186265","0","False"
"stark1","284","1","291468","291906","157952","0","0","0","Local ingress capacity or pending-wrapper drop","0","0","2.3135","1.9747","0","0","0","4.541999999899417","0","False"
"stark1","285","1","291804","292242","158128","0","0","0","Local ingress capacity or pending-wrapper drop","0","0","2.3107","2.0667","0","0","0","4.817999999970198","0","False"
"stark1","286","1","292796","293234","159040","0","0","0","Local ingress capacity or pending-wrapper drop","0","0","2.367","1.9902","0","0","0","4.598000000230968","0","False"
"stark1","287","1","290988","291426","156848","0","0","0","Local ingress capacity or pending-wrapper drop","0","0","2.3405","1.9489","0","0","0","4.515000000130385","0","False"
"stark1","288","1","291484","291922","157664","0","0","0","Local ingress capacity or pending-wrapper drop","0","0","2.4673","1.9238","0","0","0","4.675000000279397","0","False"
"stark1","289","1","291292","291730","157488","0","0","0","Local ingress capacity or pending-wrapper drop","0","0","2.3815","1.9864","0","0","0","4.615000000223517","0","False"
"stark1","290","1","291404","291842","157360","0","0","0","Local ingress capacity or pending-wrapper drop","0","0","2.4488","2.0487","0","0","0","4.983000000007451","0","False"
"stark1","291","1","289828","290266","155792","0","0","0","Local ingress capacity or pending-wrapper drop","0","0","3.0415","1.9551","0","0","0","5.408000000286847","0","False"
"stark1","292","1","292684","293122","158000","0","0","0","Local ingress capacity or pending-wrapper drop","0","0","2.3836","2.0104","0","0","0","4.626000000163913","0","False"
"stark1","293","1","290236","290674","156544","0","0","0","Local ingress capacity or pending-wrapper drop","0","0","2.4602","1.9425","0","0","0","4.63799999980256","0","False"
"stark1","294","1","292052","292490","158384","0","0","0","Local ingress capacity or pending-wrapper drop","0","0","2.473","2.1032","0","0","0","4.830999999772757","0","False"
"stark1","295","1","291356","291794","157488","0","0","0","Local ingress capacity or pending-wrapper drop","0","0","2.4912","2.0726","0","0","0","4.936999999918044","0","False"
"stark1","296","1","291436","291874","157360","0","0","0","Local ingress capacity or pending-wrapper drop","0","0","2.4602","2.0855","0","0","0","4.889999999664724","0","False"
"stark1","297","1","290612","291050","156944","0","0","0","Local ingress capacity or pending-wrapper drop","0","0","2.5846","2.137","0","0","0","4.990999999921769","0","False"
"stark1","298","1","291876","292314","158064","0","0","0","Local ingress capacity or pending-wrapper drop","0","0","2.4997","2.1159","0","0","0","4.934999999590218","0","False"
"stark1","299","1","291212","291650","157456","0","0","0","Local ingress capacity or pending-wrapper drop","0","0","2.5386","2.225","0","0","0","5.050000000279397","0","False"
"stark1","300","1","290460","290898","157328","284","1","0","","0","8.0208","2.5164","2.8606","0","0","14.515000000130385","5.6450000000186265","15.4735","True"
"object-1048576","0","0","0","1048576","1048688","1048576","0","0","","0","0","8.0675","9.5532","0","0","0","19.651999999769032","18.5237","False"
"object-1048576","1","0","0","1048576","1048688","1048576","0","0","","0","0","20.6788","17.0099","0","0","0","39.49899999983609","38.9057","False"
"object-1048576","2","0","0","1048576","1048688","1048576","0","0","","0","0","20.9302","18.1346","0","0","0","41.24899999983609","41.4205","False"
"object-10485760","0","0","0","10485760","10486304","10485760","0","0","","0","0","82.4755","100.8106","0","0","0","195.88100000005215","185.4543","False"
"object-10485760","1","0","0","10485760","10486304","10485760","0","0","","0","0","109.9822","97.3563","0","0","0","216.72399999992922","208.2238","False"
"object-10485760","2","0","0","10485760","10486304","10485760","0","0","","0","0","107.9638","96.6104","0","0","0","216.32699999958277","207.0024","False"
